KODERS,NAMARS,VVIP,VIP,KELASI,KELASII,KELASIII,ICU,PICU,NICU,TTBAYIBARULAHIR,HCU,ICCU,IGD,TTOPERASI,TTISOLASI,TTD,DOKTERUMUM,DSPOG,DSPPD,DSPB,DSPRAD,DSPRM,DSPAN,DSPJP,DSPM,DSPTHT,DSPPK,DSPPARU,DSPBEDAHTHORAKS,DSPBEDAHANAK,DSPBEDAHORTHOPEDI,DOKTERSPA,DOKTERSKOPUKASI,DOKTERSPOROLUGI,DOKTERSPORTHOPEDI,DOKTERSPKULITDANKELAMIN,DOKTERSPFORENSIK,DOKTERSPPSIKIATRI,DOKTERSPOFTHALMOLOGI,DOKTERSPPATOLOGIANATOMI,DOKTERSPKESJIWA,DOKTERSPSARAF,DOKTERSPLAINNYA,DOKTERSPBEDAHSARAF,DOKTERSPBEDAHPLASTIK,DOKTERSUBSPESIALIS,DOKTERGIGI,DOKTERSPBEDAHMULUT,DOKTERSPKONSERVASU,DOKTERSPPENYAKITMULUT,DOKTERSPRADIOLOGI,DOKTERGIGISPKARANGGIGI,DOKTERGIGISPANAK,DOKTERGIGISPGIGITIRUAN,DOKTERGIGISPGIGIPERIODONISA,DOKTERGIGISPGIGILAINNYA,NERS,PERAWATBEDAH,PERAWATMATERNITAS,PERAWATKOMUNITAS,PERAWATGIGI,PERAWATAMNESTI,PERAWATANAK,PERAWATLAINNYA,BIDANPENDIDIK,BIDANKLINIK,APOTEKER,ANALISFARMASI,RADIOGRAFER,RADIOTERAPIS,ELEKTROMEDIS,TEKNISIGIGI,ANALISISKESEHATAN,REFRAKSIONIS,REKAMMEDIK,ORTOTIK,TEKNISITRANSFUSIDARAH,TEKNISIKARDIOVASKULAR,EPIDEMOLOGI,PROMOSIKESEHATAN,PERILAKU,KESJA,ADMINISTRASIKESEHATAN,BIOSTATISTIK,REPRODUKSI,INFORMASIKESEHATAN,KEMASLAINNYA,SANITASI,ENTOMOLOGI,MIKROBIOLOGI,KESEHATANLINGKUNGAN,TERAPIWICARA,NUTRISIONIS,DIETSIEN,FISIOTERAPI,TERAPIOKUPASI,AKUPUNTURIS,TM,MEJAOPERASI,MESINANESTESI,VENTILATOR,INKUBATOR,BLUELIGHT,USG,XRAY,MRI,EEG,EKG,DEFIBERATOR,AUTOCLAV,SIMRS,AMBULAN,BANKDARAH,DPRS
3173073,RSUmumIslamJakartaCempakaPutih,0,52,41,117,162,7,2,2,33,7,7,10,7,9,456,34,12,14,19,2,2,13,7,4,5,0,0,0,0,0,8,0,0,0,0,0,0,0,0,0,0,0,0,0,0,7,0,0,0,0,0,0,0,0,0,0,0,0,0,0,0,0,0,0,0,49,0,0,0,0,0,0,0,0,0,0,0,0,0,0,0,0,0,0,0,0,0,0,0,0,0,0,0,0,0,0,176,1,1,1,1,1,1,1,1,1,1,1,1,0,1,1,14
3173474,RSUmumPertaminaJaya,2,2,15,19,23,4,0,0,1,0,0,8,1,2,77,53,6,3,2,4,1,3,2,3,2,1,3,0,0,0,1,0,0,0,0,0,0,0,1,2,3,1,0,0,1,23,0,0,0,0,0,0,0,0,0,0,0,0,0,0,0,0,0,0,0,46,0,0,0,0,0,0,0,0,0,0,0,0,0,0,0,0,0,0,0,0,0,0,0,0,0,0,0,0,0,0,161,0,0,0,0,0,0,0,0,0,0,0,0,0,0,0,0
3173521,RSUmumDaerahTarakan,0,10,22,90,234,8,7,7,23,12,7,0,0,0,420,36,5,8,4,2,1,5,3,3,4,2,3,1,1,2,6,0,1,2,3,1,0,0,1,1,3,1,2,0,1,4,1,0,0,0,0,0,0,0,0,54,0,0,0,2,0,0,9,0,0,25,0,10,1,2,1,21,2,10,0,0,1,0,0,0,0,0,0,0,0,0,0,0,0,0,0,0,0,0,0,0,245,1,1,1,1,1,1,1,1,1,1,0,0,0,1,1,12
3173656,RSUmumMitraKemayoran,4,38,28,32,17,7,0,3,14,0,0,9,4,0,156,16,7,6,4,5,3,5,4,12,4,1,4,1,1,3,6,1,3,3,4,1,3,6,0,0,5,9,2,1,0,4,3,1,0,5,0,0,0,0,0,20,0,0,0,5,0,0,234,0,0,9,0,14,0,1,0,14,0,7,0,0,0,0,0,0,0,0,0,0,0,0,0,0,0,0,0,0,0,0,0,0,437,1,1,1,1,1,1,1,1,1,1,1,1,1,1,1,15
3173062,RSPGICikini,4,58,49,98,92,10,0,4,0,4,0,8,3,9,339,50,4,5,2,3,3,6,6,8,4,1,2,0,0,2,3,0,4,0,0,0,0,0,3,3,4,8,1,0,14,6,1,0,0,0,0,0,0,0,0,0,0,0,0,0,0,0,0,0,0,35,0,0,0,0,0,0,0,0,0,0,0,0,0,0,0,0,0,0,0,0,0,0,0,0,0,0,0,0,0,0,178,1,1,1,1,1,1,1,0,1,1,1,1,1,1,1,14
3173543,RSUmumAbdiWaluyo,10,16,4,10,0,6,0,0,0,0,0,0,0,1,47,24,4,4,1,5,0,1,4,1,1,2,1,0,0,0,1,0,0,0,0,0,0,0,1,3,6,0,0,0,0,4,0,0,0,0,0,0,0,0,0,0,0,0,0,0,0,0,0,0,0,35,0,0,0,0,0,0,0,0,0,0,0,0,0,0,0,0,0,0,0,0,0,0,0,0,0,0,0,0,0,0,98,1,1,1,1,1,1,1,1,1,1,1,1,0,1,0,13
3173660,RSUmumKeluargaAfi,6,8,10,73,8,0,0,0,0,0,0,0,0,0,105,5,4,2,1,1,0,2,1,5,1,0,0,0,0,0,2,0,0,0,0,0,0,0,0,0,0,0,0,0,0,5,0,0,0,0,0,0,0,0,3,0,0,0,0,0,0,0,0,0,0,16,0,0,0,0,0,0,0,0,0,0,0,0,0,0,0,0,0,0,0,0,0,0,0,0,0,0,0,0,0,0,48,0,0,0,0,0,0,0,0,0,0,0,0,0,0,0,0
3173040,RSUmumHusada,3,114,63,101,102,8,3,3,34,0,9,0,8,0,448,59,8,14,10,3,2,8,2,7,4,2,4,0,0,4,5,0,2,0,4,0,8,0,3,0,8,4,2,1,2,10,2,1,0,0,0,1,0,0,0,21,0,0,0,4,0,0,445,0,0,6,0,9,0,1,0,24,0,6,0,5,0,0,0,0,0,0,0,0,0,0,0,0,0,0,1,0,0,6,1,0,709,1,1,1,1,1,1,1,1,1,1,1,1,1,1,1,15
3173014,RSUPNDrCiptoMangunkusumo,32,66,93,56,570,30,12,10,12,22,10,29,17,0,959,56,14,58,6,8,3,24,2,19,14,7,9,3,1,12,31,1,5,12,17,8,0,8,10,3,16,19,10,9,269,4,6,4,6,0,0,2,4,3,0,159,127,0,0,33,0,282,1401,0,65,39,250,63,29,39,5,136,13,128,5,26,1,0,0,0,0,0,0,0,0,117,6,0,0,5,6,49,14,35,6,6,3728,1,1,1,1,1,1,1,1,1,1,1,1,1,1,1,15
3173084,RSTkIIMRidwanMeuraksa,3,7,28,52,78,9,7,11,10,0,8,14,8,5,240,17,3,3,2,1,1,2,1,2,2,1,2,0,0,3,3,0,0,3,1,0,1,0,0,1,2,0,0,1,1,8,1,0,0,0,0,0,0,0,0,15,0,0,0,6,0,0,0,0,0,4,1,2,0,1,2,3,1,0,0,0,0,0,0,0,0,0,0,0,0,0,0,0,0,0,0,0,0,0,0,2,99,1,1,1,1,1,1,1,0,1,1,1,1,0,1,0,12
3173580,RSUmumKramat128,19,8,27,40,24,3,0,0,7,0,0,6,4,2,140,11,6,4,6,2,0,2,3,2,3,0,1,0,1,1,4,0,0,0,0,0,0,0,0,0,0,0,0,1,0,0,0,0,0,0,0,0,0,0,0,0,0,0,0,0,0,0,0,0,0,0,0,5,0,0,0,9,0,2,0,0,0,0,0,0,0,0,0,0,0,0,0,0,0,0,0,0,0,3,0,0,66,1,1,1,1,1,1,1,1,1,1,1,1,0,1,0,13
3173051,PKSintCarolus,7,47,29,84,75,7,2,2,24,0,0,10,5,3,295,35,1,2,2,1,1,3,0,1,0,0,0,0,0,0,6,0,0,0,0,0,0,0,0,0,0,0,0,0,0,12,0,0,0,0,0,0,0,0,0,409,0,0,0,13,0,0,79,0,71,3,0,9,0,0,0,0,0,1,0,0,0,0,0,0,0,0,0,0,0,0,0,0,0,0,0,4,0,11,0,0,664,1,1,1,1,1,1,1,1,1,1,1,1,0,1,1,14
3173506,RSUmumMohHusniThamrin,4,16,24,28,42,15,5,6,14,14,2,6,19,6,201,19,9,6,3,3,1,4,2,4,3,1,3,0,0,0,8,0,0,0,0,0,0,0,1,1,3,2,0,0,13,9,0,0,0,0,0,0,0,0,0,0,0,0,0,0,0,0,0,0,0,22,0,0,0,0,0,0,0,0,0,0,0,0,0,0,0,0,0,0,0,0,0,0,0,0,0,0,0,0,0,0,117,0,0,0,0,0,0,0,0,0,0,0,0,0,0,0,0
3173025,RSUmumPADGatotSoebroto,18,96,156,114,114,32,4,4,16,128,0,21,16,4,723,120,13,13,33,12,5,11,7,6,9,2,5,7,2,12,7,0,6,1,7,1,0,0,2,6,9,20,2,6,2,23,5,4,1,0,0,1,0,0,0,26,0,0,1,22,0,0,950,2,58,14,11,37,7,12,2,54,4,7,2,0,2,1,0,0,0,0,1,0,0,81,0,2,0,7,1,40,1,57,1,2,1765,1,1,1,1,1,1,1,1,1,1,1,1,1,1,1,15
3173036,RSUmumALDrMintoharjo,8,13,52,65,113,7,0,0,10,0,5,12,0,0,285,24,2,7,6,5,0,6,2,8,3,2,3,0,0,0,7,0,1,5,2,0,0,0,0,4,4,0,0,1,10,0,3,2,0,0,0,0,0,1,0,0,0,0,0,0,0,0,336,0,0,9,29,8,0,2,0,0,0,0,0,0,0,0,0,0,0,0,0,0,0,0,0,0,0,0,0,0,0,0,0,0,492,1,1,1,1,1,1,1,1,1,1,1,1,1,1,1,15
3173441,RSUmumEvasari,10,12,8,6,13,2,2,4,10,2,0,6,2,1,78,12,21,3,4,1,1,4,1,2,2,1,1,0,1,1,17,0,1,1,2,0,0,0,1,0,1,1,1,0,1,6,2,0,1,0,0,2,0,1,0,20,12,0,0,4,0,0,27,0,0,3,11,4,0,0,0,8,0,3,0,0,0,0,0,0,0,16,1,0,2,0,0,0,0,1,0,2,0,2,0,1,210,1,1,1,1,1,1,1,1,0,0,1,1,1,1,0,12
3173105,RSIbudanAnakBudiKemuliaan,15,4,35,18,74,0,0,6,30,3,0,12,10,7,214,18,11,1,1,1,1,5,0,0,0,0,0,0,0,0,9,0,0,0,0,0,0,0,0,0,0,0,0,0,0,2,0,0,0,0,0,0,0,0,0,0,0,0,0,0,0,0,76,0,157,3,6,2,0,1,0,10,0,4,0,0,0,0,0,0,0,1,0,0,1,0,0,0,0,2,0,0,0,0,0,0,312,1,1,1,1,1,1,1,0,0,1,0,0,1,1,1,11
3173612,RSKhususTHTProfNizar,2,4,8,6,0,0,0,0,0,0,0,0,0,0,20,1,0,0,1,2,0,2,0,0,9,0,0,0,0,0,0,0,0,0,0,0,0,0,0,0,0,0,0,0,0,2,0,0,0,0,0,0,0,0,0,0,0,0,0,0,0,0,0,0,0,0,0,0,0,0,0,0,0,0,0,0,0,0,0,0,0,0,0,0,0,0,0,0,0,0,0,0,0,0,0,0,17,0,0,0,0,0,0,0,0,0,0,0,0,0,0,0,0
3173496,RSJiwaDharmaSakti,3,3,12,7,0,0,0,0,0,0,0,0,0,0,25,2,0,0,0,0,0,0,3,0,0,0,0,0,0,0,0,0,0,0,0,0,0,0,0,0,0,0,0,0,0,0,0,0,0,0,0,0,0,0,0,0,0,0,0,0,0,0,0,0,0,0,0,0,0,0,0,0,0,0,0,0,0,0,0,0,0,0,0,0,0,0,0,0,0,0,0,0,0,0,0,0,5,0,0,0,0,0,0,0,0,0,0,0,0,0,0,0,0
3173510,RSKhususTHTBedahPRaharja,0,0,0,0,20,0,0,0,0,0,0,0,0,0,20,1,0,0,0,0,0,0,0,0,0,0,0,0,0,0,0,0,0,0,0,0,0,0,0,0,0,0,0,0,0,0,0,0,0,0,0,0,0,0,0,0,0,0,0,0,0,0,0,0,0,0,0,0,0,0,0,0,0,0,0,0,0,0,0,0,0,0,0,0,0,0,0,0,0,0,0,0,0,0,0,0,1,0,0,0,0,0,0,0,0,0,0,0,0,0,0,0,0
3173682,RSIbudanAnakBerkatIbu,0,0,3,12,12,0,0,0,12,0,0,1,0,0,40,4,4,1,0,0,0,1,0,0,0,0,0,0,0,0,1,0,0,0,0,0,0,0,0,0,0,0,0,0,0,0,0,0,0,0,0,0,0,0,0,0,0,0,0,0,0,0,0,0,0,0,0,0,0,0,0,0,0,0,0,0,0,0,0,0,0,0,0,0,0,0,0,0,0,0,0,0,0,0,0,0,11,0,0,0,0,0,0,0,0,0,0,0,0,0,0,0,0
3173116,RSIbudanAnakYPKMandiri,8,8,3,3,20,0,0,0,0,0,0,0,0,0,42,1,4,0,0,0,0,0,0,0,0,0,0,0,0,0,1,1,1,1,1,1,1,1,1,1,1,1,1,1,1,0,0,0,0,0,0,0,0,0,0,0,0,0,0,0,0,0,0,0,0,0,0,0,0,0,0,0,0,0,0,0,0,0,0,0,0,0,0,0,0,0,0,0,0,0,0,0,0,0,0,0,20,0,0,0,0,0,0,0,0,0,0,0,0,0,0,0,0
3173120,RSIbudanAnakBunda,4,22,10,10,4,0,2,13,20,0,0,3,6,0,94,13,29,1,0,0,1,3,0,0,0,0,0,0,2,0,19,0,0,0,0,0,0,0,1,0,0,3,0,0,0,0,0,0,0,0,0,0,0,0,0,42,0,0,0,0,0,0,97,0,0,5,32,0,0,0,0,0,0,2,0,0,0,0,0,0,0,0,0,0,0,2,0,0,0,1,3,5,0,3,3,0,267,1,1,1,1,1,1,0,0,0,1,1,1,0,1,0,10
3173634,RSKhususBedahBinaEstetika,4,5,8,8,0,0,0,0,0,0,0,0,0,0,25,1,0,0,2,0,0,3,0,0,0,0,0,0,0,0,0,0,0,0,0,0,0,0,0,0,0,0,0,0,0,0,0,0,0,0,0,0,0,0,0,0,0,0,0,0,0,0,0,0,0,0,0,0,0,0,0,0,0,0,0,0,0,0,0,0,0,0,0,0,0,0,0,0,0,0,0,0,0,0,0,0,6,0,0,0,0,0,0,0,0,0,0,0,0,0,0,0,0
3173623,RSKhususMataJakartaEyeCenter,2,1,4,6,5,0,0,0,0,0,0,1,0,0,19,0,0,3,0,0,0,7,1,31,0,1,0,0,0,0,0,0,0,0,0,0,0,0,0,0,0,0,0,0,0,0,0,0,0,0,0,0,0,0,0,0,0,0,0,0,0,0,0,0,0,1,0,2,0,0,0,0,0,6,0,0,0,0,0,0,0,0,0,0,0,0,0,0,0,0,0,1,0,0,0,0,53,1,0,0,0,0,0,0,0,0,0,0,0,0,1,0,2
3173532,RSKhususTHTBedahKLProklamasi,0,5,8,6,8,0,0,0,0,2,0,2,3,0,34,4,0,1,0,1,1,5,0,0,37,1,0,0,0,0,0,0,0,0,0,0,0,0,0,0,0,0,0,0,0,0,0,0,0,0,0,0,0,0,0,4,4,0,0,1,0,0,24,0,0,1,10,2,0,0,0,0,0,1,0,0,0,0,0,0,0,1,0,0,0,0,0,0,0,0,1,1,0,3,0,0,103,1,1,0,0,0,0,1,0,0,1,1,1,1,1,0,8
3173695,RSIbudanAnakTambak,1,3,4,6,15,0,0,0,0,0,0,3,4,1,37,6,9,2,1,2,0,6,0,0,0,1,0,0,0,0,5,0,0,0,0,0,0,0,0,0,0,0,0,0,0,8,0,0,0,0,0,0,0,0,0,0,0,0,0,0,0,0,0,0,0,7,0,1,0,0,0,0,0,1,0,0,0,0,0,0,0,0,0,0,0,0,0,0,0,0,1,0,0,3,1,0,54,0,0,0,0,0,0,0,0,0,0,0,0,0,1,0,1
3173671,RSGigidanMulutFKGUnivIndonesia,0,0,0,0,3,0,0,0,0,0,0,0,0,0,3,0,0,0,0,0,0,0,0,0,0,0,0,0,0,0,0,0,0,0,0,0,0,0,0,0,0,0,0,0,0,5,6,10,5,4,0,5,8,8,0,0,0,0,0,16,0,0,2,0,0,0,0,0,0,0,0,0,0,0,0,0,0,0,0,0,0,0,0,0,0,0,0,0,0,0,0,0,0,0,0,0,69,1,0,0,0,0,0,1,0,0,0,1,1,0,0,0,4
3173704,RSKhususBedahSalembaSatu,0,0,0,0,0,0,0,0,0,0,0,0,0,0,0,0,0,0,0,0,0,0,0,0,0,0,0,0,0,0,0,0,0,0,0,0,0,0,0,0,0,0,0,0,0,0,0,0,0,0,0,0,0,0,0,0,0,0,0,0,0,0,0,0,0,0,0,0,0,0,0,0,0,0,0,0,0,0,0,0,0,0,0,0,0,0,0,0,0,0,0,0,0,0,0,0,0,0,0,0,0,0,0,0,0,0,0,0,0,0,0,0,0
3171768,RSUmumSahidSahirman,3,30,6,8,0,4,0,0,4,2,0,8,3,0,68,11,7,5,2,4,0,4,6,1,2,1,0,0,0,0,1,0,0,0,0,0,0,0,0,1,0,13,0,0,13,3,0,0,0,0,0,0,0,0,0,0,0,0,0,0,0,0,0,0,0,13,0,0,0,0,0,0,0,0,0,0,0,0,0,0,0,0,0,0,0,0,0,0,0,0,0,0,0,0,0,0,87,0,0,0,0,0,0,0,0,0,0,0,0,0,0,0,0
3175326,RSUmumIslamJakartaUtara,0,7,12,36,84,2,0,0,10,10,0,0,3,4,168,16,4,6,3,2,2,6,2,4,1,1,4,0,0,0,4,0,0,2,1,0,0,0,0,1,3,0,0,0,0,3,0,0,0,0,0,0,0,0,0,12,0,0,0,2,0,0,137,0,0,5,2,6,0,1,0,7,0,5,0,0,0,0,0,0,0,0,0,0,0,0,0,0,0,1,1,1,3,2,1,0,251,0,0,0,0,0,0,0,0,0,0,0,0,0,0,0,0
3175407,RSUmumGadingPluit,10,29,33,28,22,4,1,1,10,10,0,9,4,1,162,31,10,12,5,8,2,5,3,4,5,5,3,2,0,2,5,0,3,0,4,0,0,0,2,4,5,12,2,1,10,11,0,0,0,0,6,0,0,0,0,0,0,0,0,0,0,0,203,0,0,55,0,13,2,0,0,29,0,7,0,0,0,0,0,0,0,0,0,0,0,0,0,0,0,0,1,22,4,8,0,0,506,1,1,1,1,1,1,1,1,1,1,1,1,1,1,1,15
3175385,RSUmumMitraKeluargaKelapaGading,7,35,20,27,27,9,0,0,0,7,0,10,4,8,154,16,7,2,2,5,5,5,8,5,3,1,6,0,0,0,9,0,0,0,0,0,0,0,1,3,4,3,0,0,24,4,0,0,0,0,0,0,0,0,0,0,0,0,0,0,0,0,0,0,0,60,0,0,0,0,0,0,0,0,0,0,0,0,0,0,0,0,0,0,0,0,0,0,0,0,0,0,0,0,0,0,173,0,0,0,0,0,0,0,0,0,0,0,0,0,0,0,0
3175016,RSUmumDaerahKoja,0,8,10,30,448,10,6,10,35,13,0,25,8,5,608,17,4,3,8,1,1,3,1,3,1,2,4,0,0,0,5,0,0,0,0,0,0,0,0,2,3,4,0,0,0,1,0,0,0,0,0,0,0,0,0,0,0,0,0,0,0,0,413,0,33,69,0,0,0,0,0,0,0,0,0,0,0,0,0,0,0,0,0,0,0,0,0,0,0,0,0,0,0,0,0,0,578,1,1,1,1,1,1,1,1,1,1,1,1,1,1,1,15
3175042,RSUmumPelabuhanTgPriok,4,6,20,80,27,7,0,0,5,0,0,12,3,0,164,28,4,5,5,3,1,4,3,3,2,1,4,0,0,0,3,0,0,0,0,0,0,0,0,1,2,1,0,0,7,10,0,0,0,0,0,0,0,0,0,0,0,0,0,0,0,0,0,0,0,36,0,0,0,0,0,0,0,0,0,0,0,0,0,0,0,0,0,0,0,0,0,0,0,0,0,0,0,0,0,0,123,0,0,0,0,0,0,0,0,0,0,0,0,0,0,0,0
3175075,RSUmumMulyasari,3,3,12,32,34,6,2,2,6,0,0,7,2,5,114,6,5,2,2,1,1,2,1,1,1,1,2,0,0,0,2,0,0,0,1,0,1,0,0,0,1,0,0,0,0,3,1,0,0,0,0,0,0,0,0,7,0,0,0,0,0,0,0,0,0,2,8,4,0,1,0,5,0,1,0,0,0,0,0,0,0,0,0,0,0,0,0,0,0,0,0,1,0,0,0,0,63,1,1,1,1,1,1,1,1,0,0,1,1,1,1,0,12
3175352,RSUmumPantaiIndahKapuk,8,47,14,41,24,8,0,2,29,0,0,8,0,1,182,18,10,15,4,7,1,6,4,0,9,0,6,0,2,5,11,0,0,0,6,0,0,0,3,4,4,0,3,3,0,10,0,0,0,0,0,0,0,0,0,0,0,0,0,0,0,0,0,0,0,44,0,0,0,0,0,0,0,0,0,0,0,0,0,0,0,0,0,0,0,0,0,0,0,0,0,0,0,0,0,0,175,0,0,0,0,0,0,0,0,0,0,0,0,0,0,0,0
3175031,RSUmumAkademikAtmaJaya,0,4,4,12,108,4,0,3,13,0,0,12,4,4,168,25,4,5,3,1,4,3,1,3,3,2,0,0,0,0,5,0,0,0,0,0,0,0,1,4,3,0,0,0,0,1,0,0,0,0,0,0,0,0,0,0,0,0,0,2,0,0,0,0,0,1,0,0,0,0,0,0,0,3,0,0,0,0,0,0,0,0,0,0,0,0,0,0,0,0,0,0,0,0,0,0,74,1,1,1,1,1,1,1,0,1,1,1,0,1,1,1,13
3175341,RSUmumPluit,6,42,18,11,16,9,3,3,20,16,0,8,4,2,158,28,8,8,4,5,0,6,2,3,4,1,3,1,1,0,4,0,2,3,3,0,0,0,0,4,5,4,2,2,0,2,1,1,0,5,2,0,1,1,0,0,0,0,0,0,0,0,0,0,0,59,0,0,0,0,0,0,0,0,0,0,0,0,0,0,0,0,0,0,0,0,0,0,0,0,0,0,0,0,0,0,175,1,1,1,1,1,1,1,1,1,1,1,1,1,1,1,15
3175374,RSUmumPuriMedika,3,4,11,31,39,6,6,4,5,3,3,8,2,5,130,8,2,2,2,1,0,2,2,2,1,1,1,0,0,0,2,0,0,0,0,0,0,0,0,1,2,1,0,0,0,6,0,0,0,0,0,0,0,0,0,4,1,0,0,2,0,2,57,0,0,1,7,5,0,0,0,10,0,2,0,0,0,0,0,0,0,0,0,0,0,0,1,0,0,1,0,1,0,1,0,0,131,1,1,1,1,1,1,1,1,1,1,1,1,1,1,0,14
3175315,RSUmumSatyaNegara,4,18,18,18,26,6,0,0,0,0,0,9,4,3,106,10,3,7,5,4,1,3,3,2,2,1,3,0,1,2,4,0,2,2,3,0,0,0,0,2,5,0,5,0,7,5,0,0,0,0,0,0,0,0,0,160,0,0,0,1,0,0,0,22,0,27,0,9,0,0,0,13,0,13,0,0,0,0,0,0,0,0,0,0,0,0,0,0,0,0,1,1,0,0,0,0,329,1,1,1,1,1,1,1,1,0,1,1,1,1,1,1,14
3175330,RSUmumRoyalProgress,15,4,52,30,41,2,0,1,4,2,0,8,4,5,168,15,5,6,5,2,2,5,3,7,3,1,2,1,0,4,4,0,2,4,3,0,1,0,1,0,3,0,0,1,2,5,1,0,0,0,0,0,0,1,0,23,17,0,0,1,0,7,131,0,9,7,0,7,0,2,0,12,2,15,0,0,0,0,0,0,0,0,0,0,0,0,2,0,0,0,2,1,0,8,1,0,336,1,1,1,1,1,1,1,0,1,1,1,1,1,1,1,14
3175396,RSUmumPortMedicalCenter,0,6,5,20,11,0,0,0,3,2,0,0,0,0,47,18,4,3,2,1,0,2,2,3,1,0,1,0,0,0,3,0,0,2,1,0,0,0,0,0,2,1,0,0,4,8,0,0,0,0,0,0,0,0,0,0,0,0,0,1,0,0,60,0,0,1,13,5,1,0,0,6,0,1,0,0,0,1,0,0,0,1,0,0,0,0,0,0,0,0,0,0,0,0,0,0,148,1,1,1,1,1,1,1,0,0,0,1,1,1,1,1,12
3175181,RSUmumSukmul,0,10,14,17,3,3,4,0,10,3,0,5,2,4,75,17,4,2,2,1,1,4,0,3,1,0,1,0,0,0,2,0,1,0,1,0,0,0,0,0,1,1,0,0,0,4,0,0,0,0,0,0,0,0,0,90,9,0,0,2,0,0,0,0,21,2,12,4,0,0,0,8,0,6,0,0,2,0,0,0,0,0,0,0,0,0,0,0,0,0,0,2,0,2,0,0,206,1,1,1,1,1,1,1,0,0,0,1,1,1,1,0,11
3175363,RSIbudanAnakFamily,3,3,19,12,15,0,0,4,30,4,0,0,0,1,91,5,20,1,2,0,0,6,0,0,0,0,0,0,0,0,10,0,0,0,0,0,0,0,0,0,0,0,0,0,0,0,0,0,0,0,0,0,0,0,0,0,0,0,0,0,0,0,0,0,0,0,0,2,0,1,0,0,0,0,0,0,0,0,0,0,0,0,0,0,0,0,0,0,0,0,0,0,0,0,0,0,47,0,0,0,0,0,0,0,0,0,0,0,0,0,1,0,1
3175409,RSIbudanAnakGrandFamily,0,7,17,2,12,0,2,0,35,1,0,3,3,0,82,4,15,1,1,1,0,6,0,0,0,1,0,0,0,0,8,0,0,0,0,0,0,0,0,0,0,0,0,0,2,4,0,0,0,0,0,0,0,0,0,0,0,0,0,0,0,0,0,0,0,25,0,0,0,0,0,0,0,0,0,0,0,0,0,0,0,0,0,0,0,0,0,0,0,0,0,0,0,0,0,0,68,0,0,0,0,0,0,0,0,0,0,0,0,0,0,0,0
3175064,RSPenyakitInfeksiProfDrSuliantiSaroso,0,2,26,16,115,3,0,0,5,5,0,12,2,14,200,30,2,3,1,1,1,3,0,2,1,3,5,0,0,1,5,0,0,1,1,0,0,0,0,0,2,0,1,0,1,2,0,0,0,0,0,0,0,0,0,21,0,0,0,2,0,0,187,0,15,5,13,9,0,9,0,5,0,9,0,0,0,3,0,0,0,0,1,0,0,0,1,0,0,6,0,5,0,3,0,0,360,1,1,1,1,1,1,1,0,1,1,1,1,1,1,1,14
3174509,RSIbudanAnakStYusuf,0,1,4,13,6,0,0,0,0,0,0,4,3,1,32,7,3,1,0,0,0,2,0,0,0,0,0,0,0,0,2,0,0,0,0,0,0,0,0,0,0,0,0,0,0,0,0,0,0,0,0,0,0,0,0,0,0,0,0,0,0,0,0,0,0,5,0,0,0,0,0,0,0,0,0,0,0,0,0,0,0,0,0,0,0,0,0,0,0,0,0,0,0,0,0,0,20,0,0,0,0,0,0,0,0,0,0,0,0,0,0,0,0
3175408,RSUmumFirdaus,0,0,37,22,37,0,0,0,7,3,0,6,2,1,115,11,2,4,1,1,1,1,0,1,1,0,3,0,0,0,3,0,1,1,1,0,0,0,0,0,1,0,0,0,0,5,1,0,0,0,0,0,0,0,0,2,5,0,0,2,0,0,69,1,0,3,0,3,2,0,0,1,0,2,0,0,0,0,0,0,0,0,0,0,0,0,0,0,0,0,0,1,0,0,0,0,130,1,1,1,1,1,1,1,0,0,0,1,1,0,1,0,10
3175304,RSUmumHerminaPodomoro,0,0,0,0,53,0,0,0,0,0,0,0,0,0,53,20,27,2,1,1,0,7,0,0,4,0,0,0,0,0,25,0,0,0,0,0,0,0,0,0,0,0,0,0,0,4,0,0,0,0,0,0,0,0,0,0,0,0,0,0,0,0,0,0,0,0,0,0,0,0,0,0,0,0,0,0,0,0,0,0,0,0,0,0,0,0,0,0,0,0,0,0,0,0,0,0,91,0,0,0,0,0,0,0,0,0,0,0,0,0,0,0,0
3174074,RSUmumDaerahCengkareng,0,10,16,34,180,6,0,4,0,2,1,15,6,30,304,28,6,5,4,5,0,5,3,3,3,2,3,1,1,0,4,0,2,4,2,0,0,0,2,2,4,2,3,0,1,0,1,1,0,0,1,0,0,0,0,36,0,0,0,3,0,0,405,0,49,7,44,10,0,1,0,32,2,9,0,8,0,0,0,0,2,0,1,0,0,0,1,0,0,1,1,2,0,8,1,0,721,1,1,1,1,1,1,1,0,1,1,0,0,0,1,1,11
3174416,RSUmumPatriaIKKT,0,5,4,19,53,0,0,0,19,2,0,5,2,0,109,8,5,4,2,1,1,4,0,3,1,0,1,0,0,0,2,1,1,3,1,0,0,0,1,1,1,0,0,0,0,3,1,0,0,0,0,0,0,0,0,1,0,0,0,1,0,0,15,0,0,2,0,0,0,0,0,4,0,1,0,0,0,0,0,0,0,0,0,0,0,0,0,0,0,0,0,0,0,1,1,0,71,1,0,1,1,1,0,0,0,0,1,1,1,1,1,1,10
3174486,RSUmumRoyalTaruma,12,24,18,36,20,0,0,0,0,0,0,0,0,0,110,12,1,1,1,0,0,1,0,0,0,0,0,0,0,0,2,0,0,0,0,0,0,0,0,0,0,0,0,0,0,0,0,0,0,0,0,0,0,0,0,0,0,0,0,0,0,0,0,0,0,0,0,0,0,0,0,0,0,0,0,0,0,0,0,0,0,0,0,0,0,0,0,0,0,0,0,0,0,0,0,0,18,0,0,0,0,0,0,0,0,0,0,0,0,0,0,0,0
3174015,RSUmumSumberWaras,0,16,14,52,109,7,0,0,20,0,8,5,4,10,245,34,2,4,4,2,0,1,1,2,1,1,1,1,0,0,0,0,1,2,0,0,0,0,0,0,3,1,1,1,0,3,0,0,0,0,0,0,0,0,0,3,12,0,0,1,0,15,157,1,9,2,13,5,0,0,0,0,1,5,0,4,0,0,0,0,0,0,0,0,0,0,0,0,0,1,0,0,3,3,0,0,301,1,1,1,1,1,1,1,0,0,0,1,1,0,1,1,11
3174431,RSUmumHerminaDaanMogot,2,23,31,45,68,15,2,3,20,3,0,16,5,4,237,25,20,5,4,2,8,4,3,6,2,3,0,2,1,0,23,0,2,2,4,0,0,3,2,2,3,5,1,1,12,3,2,1,1,0,0,3,1,1,0,23,22,0,0,4,0,23,0,2,20,11,31,8,0,1,0,24,0,22,0,0,0,0,0,0,0,0,0,0,0,0,0,0,0,1,6,0,2,6,4,0,367,1,1,1,1,1,1,1,0,1,1,1,1,1,1,1,14
3174351,RSUmumSiloamHospitalsKebonJeruk,5,61,26,39,39,7,0,8,0,3,4,12,8,7,219,45,12,16,4,8,4,6,14,4,8,1,3,4,1,4,12,0,5,8,5,0,0,0,2,6,5,2,3,2,0,7,2,2,0,0,0,8,0,1,0,35,26,0,0,5,0,17,240,0,0,10,0,14,0,3,0,29,0,9,0,3,0,0,0,0,0,0,0,0,0,0,0,0,0,0,0,3,0,5,0,0,603,1,1,1,1,1,1,1,1,1,1,1,1,1,1,1,15
3174475,RSUmumPuriMandiriKedoya,2,3,8,9,36,8,0,4,0,0,0,4,0,0,74,9,1,1,1,0,0,0,0,0,0,0,0,0,0,0,2,0,0,0,0,0,0,0,0,0,0,0,0,0,0,0,0,0,0,0,0,0,0,0,0,0,0,0,0,0,0,0,0,0,0,0,0,0,0,0,0,0,0,0,0,0,0,0,0,0,0,0,0,0,0,0,0,0,0,0,0,0,0,0,0,0,14,0,0,0,0,0,0,0,0,0,0,0,0,0,0,0,0
3174052,RSUmumGrhaKedoya,4,32,13,18,21,4,1,1,10,2,1,8,4,4,123,19,12,7,12,3,3,5,4,5,6,2,0,0,0,0,8,0,0,0,0,0,0,0,0,3,0,8,0,0,17,8,0,0,0,0,0,0,0,0,0,0,0,0,0,0,0,0,0,0,0,109,0,0,0,0,0,0,0,0,0,0,0,0,0,0,0,0,0,0,0,0,0,0,0,0,0,0,0,0,0,0,231,0,0,0,0,0,0,0,0,0,0,0,0,0,0,0,0
3174420,RSUmumMedikaPermataHijau,1,14,25,16,9,3,0,0,13,1,0,3,2,1,88,2,7,5,4,1,0,0,1,2,2,0,1,1,0,3,5,0,1,3,0,0,0,0,0,0,3,0,0,0,0,0,0,0,0,0,0,0,0,0,0,0,0,0,0,0,0,0,0,0,0,0,0,0,0,0,0,0,0,0,0,0,0,0,0,0,0,0,0,0,0,0,0,0,0,0,0,0,0,0,0,0,41,0,0,0,0,0,0,0,0,0,0,0,0,0,0,0,0
3174508,RSUmumPuriIndah,2,40,20,15,15,5,0,2,10,0,0,15,4,4,132,0,8,10,3,3,4,5,8,4,6,0,4,1,1,5,8,0,2,5,4,0,0,0,1,5,4,0,2,1,0,4,3,3,0,0,0,2,0,0,0,26,29,0,0,10,0,0,125,0,32,14,23,8,0,4,0,19,2,12,0,0,0,0,0,0,0,0,0,0,0,0,0,0,0,0,1,0,2,7,0,0,420,1,1,1,1,1,1,1,1,1,1,1,1,1,1,1,15
3174026,RSUmumPelniPetamburan,0,35,72,94,75,16,0,2,15,0,14,0,0,12,335,16,3,1,0,3,0,1,1,2,1,0,0,0,0,0,1,0,0,0,0,0,0,0,0,0,0,0,0,0,18,7,0,0,0,0,0,0,0,0,0,0,0,0,0,0,0,0,0,0,0,48,0,0,0,0,0,0,0,0,0,0,0,0,0,0,0,0,0,0,0,0,0,0,0,0,0,0,0,0,0,0,102,1,1,1,1,1,1,1,1,1,1,1,1,1,1,1,15
3174030,RSUmumBhaktiMulia,1,1,4,11,38,0,0,0,10,1,0,3,4,4,77,6,3,3,1,1,1,4,0,1,1,1,1,0,0,1,4,0,0,0,0,0,0,0,0,1,1,0,0,0,0,1,0,0,0,0,0,0,0,0,0,0,7,0,0,0,0,0,38,0,0,7,6,4,0,0,0,0,0,3,0,0,0,0,0,0,0,0,0,0,0,0,0,0,0,0,0,0,0,1,0,1,98,1,1,1,1,1,1,1,0,0,1,1,1,1,1,1,13
3174453,RSKhususBedahCintaKasihTzuChi,0,0,0,36,50,2,0,0,17,3,0,0,4,1,113,10,4,2,1,0,2,0,3,1,1,0,0,0,3,0,1,1,1,0,0,0,0,0,0,0,0,0,0,0,0,5,1,0,0,0,0,0,0,0,0,11,10,0,0,4,0,0,46,0,19,3,14,5,0,0,0,8,1,10,0,0,0,0,0,0,0,0,0,0,0,0,0,0,0,0,0,8,0,0,0,0,175,1,1,1,1,1,1,1,0,0,1,1,1,1,1,1,13
3174041,RSJiwaDrSoehartoHeerjan,0,13,26,31,171,0,59,0,0,0,0,0,0,20,320,13,0,0,1,1,1,1,0,0,0,0,0,0,0,0,1,0,0,0,0,0,0,0,1,13,1,3,0,0,4,1,0,0,0,0,0,0,0,0,0,36,0,0,0,2,0,0,160,0,0,7,11,5,0,5,0,10,0,15,0,0,0,0,0,0,0,0,0,0,0,15,4,0,0,0,2,7,0,4,4,0,328,0,0,0,0,0,1,1,0,1,1,0,1,1,1,0,7
3174497,RSUmumBinaSehatMandiri,1,3,7,10,6,0,0,0,0,0,0,0,0,0,27,4,2,2,2,1,1,1,0,0,0,0,0,2,0,0,0,0,0,0,0,0,0,0,0,0,0,0,0,0,0,2,0,0,0,0,0,0,0,0,0,0,0,0,0,0,0,0,0,0,0,3,0,0,0,0,0,0,0,0,0,0,0,0,0,0,0,0,0,0,0,0,0,0,0,0,0,0,0,0,0,0,20,0,0,0,0,0,0,0,0,0,0,0,0,0,0,0,0
3174063,RSKankerDharmais,2,16,122,78,157,7,4,0,0,10,0,10,5,13,424,42,7,3,1,9,2,6,3,1,4,4,3,1,0,1,4,0,2,0,2,0,0,0,7,1,3,3,4,2,22,3,0,0,2,0,0,0,0,0,0,133,0,0,0,4,0,0,403,0,0,16,39,27,0,9,0,40,0,16,0,4,0,2,0,0,0,39,0,0,0,0,0,0,0,5,2,17,0,5,2,1,906,1,1,1,0,0,1,1,1,1,1,1,1,1,1,1,13
3174260,RSAnakdanBundaHarapanKita,2,38,55,61,66,2,12,56,36,0,0,7,6,13,354,4,12,1,1,1,1,4,0,1,3,2,0,0,2,1,35,0,1,1,2,0,0,0,2,0,0,2,1,1,4,2,2,2,0,0,0,2,0,0,0,121,19,0,0,11,0,254,106,1,13,10,30,8,0,5,4,0,1,30,0,7,0,0,0,0,0,0,0,0,35,0,4,0,3,2,4,0,13,19,6,0,796,1,1,1,1,1,1,1,1,1,1,1,1,1,1,1,15
3174282,RSJantungdanPembuluhDarahHarapanKita,8,16,65,34,42,14,18,0,0,112,24,14,7,0,354,6,0,1,0,3,0,19,45,0,0,3,1,12,0,0,4,0,0,0,0,0,0,0,0,0,1,1,0,0,0,2,0,0,0,0,0,0,0,0,0,734,0,0,0,1,0,0,0,0,0,18,71,32,0,0,0,48,0,34,0,0,19,0,1,0,0,0,0,0,0,0,5,0,0,3,0,0,14,11,2,0,1091,1,1,1,1,1,1,1,1,1,1,1,1,1,1,1,15
3174527,RSGigidanMulutFKGUniversitasTrisakti,0,0,0,0,0,0,0,0,0,0,0,0,0,0,0,0,0,0,0,0,0,0,0,0,0,0,0,0,0,0,0,0,0,0,0,0,0,0,0,0,0,0,0,0,0,0,0,0,0,0,0,0,0,0,0,0,0,0,0,0,0,0,0,0,0,0,0,0,0,0,0,0,0,0,0,0,0,0,0,0,0,0,0,0,0,0,0,0,0,0,0,0,0,0,0,0,0,0,0,0,0,0,0,0,0,0,0,0,0,0,0,0,0
3174510,RSBersalinAnggrekMas,0,0,5,8,12,0,0,0,25,0,0,0,2,0,52,3,3,0,0,0,0,5,0,0,0,0,0,0,0,0,4,0,0,0,0,0,0,0,0,0,0,0,0,0,0,0,0,0,0,0,0,0,0,0,0,0,0,0,0,0,0,0,0,0,0,2,0,0,0,0,0,0,0,0,0,0,0,0,0,0,0,0,0,0,0,0,0,0,0,0,0,0,0,0,0,0,17,0,0,0,0,0,0,0,0,0,0,0,0,0,0,0,0
3174515,RSKhususMataJakartaEyeCenterKedoya,1,4,2,6,4,0,0,0,0,0,0,2,5,1,25,4,0,3,0,1,0,4,0,39,0,0,0,0,0,0,0,0,0,0,0,0,0,0,0,0,0,0,0,0,0,0,0,0,0,0,0,0,0,0,0,0,0,0,0,0,0,0,53,0,0,8,0,1,1,1,0,1,15,6,0,0,0,0,0,0,0,0,0,0,2,1,0,0,0,1,0,0,2,0,0,0,143,1,0,0,0,0,1,0,0,0,0,1,1,1,1,0,6
3171791,RSUmumPesanggrahan,0,0,0,0,40,0,0,0,0,2,0,3,1,0,46,7,1,1,0,1,0,0,0,0,0,0,0,0,0,0,1,0,0,0,0,0,0,0,0,0,0,0,0,0,0,0,0,0,0,0,0,0,0,0,0,3,0,0,0,1,0,2,12,0,4,1,4,1,0,0,0,4,0,0,0,0,0,0,1,0,0,6,0,0,0,0,0,0,0,2,0,1,0,1,0,1,55,0,0,0,0,0,1,1,0,0,0,1,1,0,1,1,6
3171450,RSUmumSetiaMitra,2,6,11,22,12,3,0,0,4,0,0,5,3,0,68,6,4,4,8,2,0,4,2,2,3,1,3,0,0,4,0,0,0,0,0,0,0,0,0,0,4,0,0,0,3,3,0,0,0,0,0,0,0,0,0,0,0,0,0,0,0,0,0,0,0,6,0,0,0,0,0,0,0,0,0,0,0,0,0,0,0,0,0,0,0,0,0,0,0,0,0,0,0,0,0,0,59,1,1,1,1,1,1,1,0,0,0,1,1,1,0,0,10
3171012,RSUPFatmawati,9,37,78,127,298,23,10,5,44,79,23,57,34,38,862,60,18,20,16,7,9,19,9,8,9,5,5,1,2,8,21,0,5,5,7,2,0,0,4,5,8,2,4,3,7,6,2,3,1,0,0,2,1,1,0,281,97,0,0,9,0,146,805,0,61,25,48,25,0,11,0,30,6,37,4,15,0,2,1,0,0,14,1,0,0,0,0,0,3,1,5,4,16,17,4,0,1953,1,1,1,1,1,1,1,1,1,1,1,1,1,1,1,15
3171786,RSUmumMayapada,5,25,30,15,20,9,6,12,8,3,9,14,7,3,166,25,17,22,7,6,4,11,12,4,7,2,4,3,2,9,12,0,3,4,5,0,2,0,2,0,4,315,8,3,34,6,3,2,1,0,0,2,0,1,0,25,0,0,0,0,0,0,1,1,24,23,8,11,0,1,0,17,2,7,0,4,0,0,0,0,0,0,0,0,0,0,0,0,2,1,2,4,2,7,1,0,685,1,1,1,1,1,1,1,1,1,1,0,0,1,1,1,13
3171574,RSUmumPrikasih,0,3,25,38,49,2,0,0,15,4,0,10,5,4,155,14,7,5,6,3,0,5,3,5,3,1,3,0,0,0,9,0,0,0,0,0,0,0,2,1,3,7,0,0,4,4,0,0,0,0,0,0,0,0,0,0,0,0,0,0,0,0,0,0,0,34,0,0,0,0,0,0,0,0,0,0,0,0,0,0,0,0,0,0,0,0,0,0,0,0,0,0,0,0,0,0,119,0,0,0,0,0,0,0,0,0,0,0,0,0,0,0,0
3171798,RSUmumAliSibrohMalisi,0,3,0,0,0,0,0,0,0,2,0,4,0,0,9,10,1,1,0,0,0,0,0,0,0,0,1,0,0,0,1,0,0,0,0,0,0,0,0,0,1,0,0,0,0,4,0,0,0,0,0,0,0,0,0,1,6,0,0,1,0,0,0,0,0,0,0,3,0,0,0,0,0,0,0,0,0,0,0,0,0,1,0,0,0,0,0,0,0,0,0,0,0,0,0,0,31,1,1,0,1,1,1,1,0,0,1,0,1,0,1,0,9
3171702,RSIbudanAnakZahirah,1,4,11,26,32,3,0,0,18,0,0,6,2,0,103,10,4,2,2,0,0,2,1,1,1,0,2,0,0,0,4,0,0,1,1,0,0,0,0,0,1,0,0,0,0,0,1,0,0,0,0,0,0,0,0,0,0,0,0,0,0,0,0,0,0,0,0,0,0,0,0,0,0,0,0,0,0,0,0,0,0,0,0,0,0,0,0,0,0,0,0,0,0,0,0,0,33,1,1,1,1,0,0,0,0,0,0,0,0,0,0,0,4
3171023,RSUmumPusatPertamina,5,17,108,122,74,20,1,1,10,0,2,16,8,0,384,23,8,8,25,11,4,5,8,6,4,1,4,0,0,0,6,0,0,0,0,0,0,0,2,4,6,3,0,0,7,3,0,0,0,0,0,0,0,0,0,0,0,0,0,0,0,0,0,0,0,74,0,0,0,0,0,0,0,0,0,0,0,0,0,0,0,0,0,0,0,0,0,0,0,0,0,0,0,0,0,0,212,1,1,1,1,1,1,1,1,1,1,1,1,1,1,1,15
3171781,RSMuhammadiyahTamanPuring,0,6,16,16,34,0,0,0,10,3,0,3,2,1,91,12,10,3,4,1,2,0,4,2,1,2,1,1,0,0,8,0,0,0,0,0,0,0,1,0,1,0,0,0,0,4,0,1,0,0,0,1,0,1,0,5,0,0,0,3,0,0,0,0,0,2,0,0,4,0,0,0,0,2,0,0,0,0,0,0,0,0,0,0,0,0,1,0,0,0,0,0,2,3,0,0,82,1,1,0,1,1,1,1,0,0,0,1,0,1,1,0,9
3171621,RSUGandaria,1,9,12,10,5,0,0,0,8,0,0,5,2,0,52,10,6,5,2,3,0,2,3,3,4,1,2,0,0,0,5,0,0,0,0,0,0,0,0,2,2,0,0,0,0,5,0,0,0,0,0,0,0,0,0,0,0,0,0,0,0,0,0,0,0,8,0,0,0,0,0,0,0,0,0,0,0,0,0,0,0,0,0,0,0,0,0,0,0,0,0,0,0,0,0,0,63,1,1,1,1,1,1,1,1,1,1,1,1,1,1,0,14
3171504,RSUmumPondokIndah,14,90,24,23,17,4,0,5,30,0,4,16,4,4,235,11,18,19,31,7,3,16,11,14,8,7,3,0,0,0,18,0,0,0,0,0,0,0,0,5,5,20,0,0,4,5,0,0,0,0,0,0,0,0,0,0,0,0,0,0,0,0,0,0,0,47,0,0,0,0,0,0,0,0,0,0,0,0,0,0,0,0,0,0,0,0,0,0,0,0,0,0,0,0,0,0,252,0,0,0,0,0,0,0,0,0,0,0,0,0,1,0,1
3171785,RSUmumBhayangkaraSespimmaPolri,0,1,12,11,18,0,0,0,7,0,0,7,1,1,58,12,2,2,2,1,0,1,1,0,0,0,1,0,0,0,2,0,0,0,0,0,1,0,0,0,1,0,0,0,1,3,0,1,0,0,0,0,0,0,0,0,3,0,0,1,0,0,39,0,0,1,5,1,0,0,0,7,0,1,0,0,0,0,2,0,0,0,0,0,0,0,0,0,0,1,0,2,0,0,0,0,94,1,1,0,1,1,1,1,0,0,1,1,1,1,1,0,11
3171785,RSUmumJakartaMedicalCenter(JMC),8,27,11,15,25,2,1,2,9,2,2,14,2,2,122,23,5,6,4,4,4,0,0,0,0,2,1,2,0,0,6,0,1,0,5,0,0,0,1,1,3,1,0,0,1,6,0,0,0,0,0,0,0,0,0,0,0,0,0,0,0,0,0,0,0,4,14,0,0,0,0,0,0,15,0,0,0,0,0,0,0,0,0,0,0,0,0,0,0,0,0,0,2,3,0,0,114,0,0,0,0,0,0,0,0,0,0,0,0,0,0,0,0
3171034,RSUmumALCilandak,13,18,28,58,57,0,0,0,0,0,0,0,0,0,174,20,1,4,8,4,1,2,2,4,3,3,2,0,0,0,3,0,0,0,0,0,0,0,1,0,3,5,0,0,3,5,0,0,0,0,0,0,0,0,0,0,0,0,0,0,0,0,0,0,0,22,0,0,0,0,0,0,0,0,0,0,0,0,0,0,0,0,0,0,0,0,0,0,0,0,0,0,0,0,0,0,96,0,0,0,0,0,0,0,0,0,0,0,0,0,0,0,0
3171643,RSUmumSiagaRaya,2,8,8,7,17,0,0,0,0,2,0,4,3,1,52,7,3,2,1,1,0,3,2,0,0,1,1,0,0,0,2,0,1,8,1,0,0,0,0,1,2,0,0,0,0,4,1,0,0,0,0,0,0,0,0,47,0,0,0,2,0,0,1,4,0,2,11,9,0,0,0,1,0,1,0,0,0,0,0,0,0,0,0,0,0,2,0,0,0,0,0,0,0,11,0,0,132,1,1,1,1,0,1,1,0,0,1,0,0,0,1,0,8
3171072,RSUmumDrSuyotoPusrehabKemhan,4,7,16,28,47,3,0,0,7,3,0,8,5,6,134,25,2,4,3,3,5,5,2,1,2,1,2,0,0,0,2,0,3,2,2,0,1,0,1,2,1,4,1,0,1,9,0,0,0,0,0,0,1,0,0,2,1,0,0,7,0,0,182,0,5,4,5,7,0,2,0,14,0,1,4,0,0,0,1,0,1,3,0,0,0,0,0,0,0,3,2,3,0,9,3,1,345,1,1,1,1,1,1,1,0,1,1,1,1,1,1,0,13
3171515,RSUmumMetropolitanMedicalCenter,10,44,24,29,24,5,0,0,15,0,0,0,0,0,151,8,2,1,1,1,0,1,0,0,0,0,0,0,0,0,0,0,0,0,0,0,0,0,0,0,0,0,0,0,0,0,0,0,0,0,0,0,0,0,0,0,0,0,0,0,0,0,0,0,0,0,0,0,0,0,0,0,0,0,0,0,0,0,0,0,0,0,0,0,0,0,0,0,0,0,0,0,0,0,0,0,14,0,0,0,0,0,0,0,0,1,0,0,0,0,0,0,1
3171045,RSUmumJakarta,0,11,23,43,48,4,0,0,10,3,0,7,3,3,155,8,5,6,5,4,0,5,4,3,4,0,3,1,0,7,3,0,1,7,3,0,0,0,1,1,5,0,1,0,0,5,2,0,0,0,4,0,0,0,0,5,0,0,0,4,0,0,0,0,0,1,17,11,0,1,0,16,2,11,0,0,0,0,0,0,0,0,0,0,0,0,0,0,0,0,1,1,0,7,0,3,168,1,1,1,1,1,1,1,1,1,1,0,0,1,1,0,12
3171665,RSUmumMedistra,12,64,19,23,52,0,0,0,10,0,0,0,0,0,180,23,0,1,0,1,0,0,0,0,0,0,0,0,0,0,0,0,0,0,0,0,0,0,0,0,0,0,0,0,0,0,0,0,0,0,0,0,0,0,0,0,0,0,0,0,0,0,0,0,0,0,0,0,0,0,0,0,0,0,0,0,0,0,0,0,0,0,0,0,0,0,0,0,0,0,0,0,0,0,0,0,25,1,0,0,0,0,1,1,1,1,1,1,0,0,1,1,9
3171632,RSUmumAgung,2,6,20,15,21,2,0,0,4,0,0,0,2,1,73,7,4,3,1,2,0,4,1,1,1,1,1,0,0,0,4,0,0,1,2,0,1,1,0,0,2,0,0,0,0,7,0,0,0,0,0,0,0,0,0,0,0,0,0,0,0,0,0,0,0,0,0,0,0,0,0,0,0,0,0,0,0,0,0,0,0,0,0,0,0,0,0,0,0,0,0,1,0,1,0,0,46,1,1,1,1,1,1,1,0,0,1,1,0,1,1,0,11
3171461,RSUmumTebet,5,24,22,27,42,5,0,0,6,0,0,6,0,5,142,12,4,9,11,2,2,3,2,2,3,1,1,0,0,0,3,0,0,0,0,0,0,0,1,1,2,0,0,0,0,0,10,0,0,0,0,0,0,0,0,0,0,0,0,0,0,0,0,0,0,20,0,0,0,0,0,0,0,0,0,0,0,0,0,0,0,0,0,0,0,0,0,0,0,0,0,0,0,0,0,0,89,1,1,1,1,1,1,1,1,1,1,1,1,1,1,0,14
3171680,RSUmumTriaDipa,0,8,8,12,30,1,0,0,11,1,0,4,0,0,75,8,5,6,7,3,2,0,1,3,7,0,2,0,0,2,6,0,0,0,0,0,0,0,0,0,2,0,0,0,0,1,2,0,0,0,0,1,0,0,0,0,0,0,0,0,0,2,0,0,0,2,0,4,0,0,0,7,1,5,0,0,0,0,0,0,0,0,0,0,0,0,0,0,0,0,0,1,0,4,0,0,84,1,0,1,0,1,1,1,0,0,1,0,0,0,0,0,6
3171782,RSIbudanAnakAndhika,2,2,3,6,9,0,0,0,2,2,0,3,2,1,32,6,3,1,1,0,0,2,0,0,0,0,0,0,0,0,3,0,0,0,0,0,0,0,0,0,0,0,0,0,0,0,0,0,0,0,0,0,0,0,0,0,0,0,0,0,0,0,0,0,0,2,0,0,0,0,0,0,0,0,0,0,0,0,0,0,0,0,0,0,0,0,0,0,0,0,0,0,0,0,0,0,18,1,0,0,1,1,1,0,0,0,0,0,0,0,1,0,5
3171746,RSUmumAulia,1,2,10,9,10,0,0,0,18,1,0,5,2,2,60,15,8,1,3,1,0,4,0,0,0,1,0,0,1,0,5,0,0,0,0,0,0,0,0,0,0,0,0,0,0,1,0,0,0,0,0,0,1,0,0,3,0,0,0,0,0,0,40,11,0,1,0,2,0,0,0,8,0,6,0,0,0,0,0,0,0,0,0,0,1,0,0,0,0,1,0,0,0,0,0,0,114,1,1,1,1,1,1,1,0,0,0,1,1,1,1,1,12
3171724,RSIbudanAnakBrawijayaWomenandChildrenHospital,10,21,6,0,8,1,0,4,13,2,0,3,0,1,69,12,23,4,5,1,2,9,1,0,2,0,2,0,2,1,21,0,0,1,3,0,0,0,2,3,1,13,0,1,1,9,1,0,0,0,1,1,0,0,0,14,7,0,0,0,0,0,0,0,0,0,0,0,0,0,0,0,0,0,0,0,0,0,0,0,0,0,0,0,0,0,0,0,0,0,0,0,0,0,0,0,143,1,0,0,0,0,0,0,0,0,0,0,0,0,0,0,1
3171413,RSIbudanAnakAsih,13,8,8,3,5,0,0,0,36,0,0,3,0,0,76,4,22,1,1,0,0,4,0,0,0,0,0,0,0,0,7,0,0,0,0,0,0,0,0,0,0,0,0,0,0,0,0,0,0,0,0,0,0,0,0,0,0,0,0,0,0,0,0,0,0,0,0,0,0,0,0,0,0,0,0,0,0,0,0,0,0,0,0,0,0,0,0,0,0,0,0,0,0,0,0,0,39,0,0,0,0,0,0,0,0,0,0,0,0,0,0,0,0
3171060,RSJiwaDharmawangsa,0,16,4,10,22,0,0,0,0,0,0,0,0,0,52,0,0,0,0,0,0,0,0,0,0,0,0,0,0,0,0,0,0,0,0,0,0,0,0,24,0,0,0,0,0,1,0,0,0,0,0,0,0,0,0,0,0,0,0,0,0,0,0,0,0,3,0,0,0,0,0,0,0,0,0,0,0,0,0,0,0,0,0,0,0,0,0,0,0,0,0,0,0,0,0,0,28,0,0,0,0,0,0,0,0,0,0,0,0,0,0,0,0
3171552,RSKhususBedahTHTYayasanYurino,6,4,7,9,0,0,0,0,0,0,0,0,0,0,26,5,0,0,0,1,0,1,0,0,5,0,0,0,0,0,0,0,0,0,0,0,0,0,0,0,0,0,0,0,0,0,0,0,0,0,0,0,0,0,0,0,0,0,0,0,0,0,0,0,0,0,0,0,0,0,0,0,0,0,0,0,0,0,0,0,0,0,0,0,0,0,0,0,0,0,0,0,0,0,0,0,12,0,0,0,0,0,0,0,0,0,0,0,0,0,0,0,0
3171216,RSBersalinPantiNugeraha,0,0,0,0,46,0,0,0,0,0,0,0,0,0,46,3,5,0,0,0,0,0,0,0,0,0,0,0,0,0,2,0,0,0,0,0,0,0,0,0,0,0,0,0,0,0,0,0,0,0,0,0,0,0,0,0,0,0,0,0,0,0,0,0,0,0,0,0,0,0,0,0,0,0,0,0,0,0,0,0,0,0,0,0,0,0,0,0,0,0,0,0,0,0,0,0,10,0,0,0,0,0,0,0,0,0,0,0,0,0,0,0,0
3171713,RSBersalinKartini,2,4,18,11,15,0,0,0,20,4,0,2,1,0,77,2,4,0,0,0,0,4,0,0,0,0,0,0,0,0,3,0,0,0,0,0,0,0,0,0,0,0,0,0,0,1,0,0,0,0,0,0,0,0,0,0,0,0,0,0,0,0,50,15,0,2,0,0,0,0,0,2,0,1,0,0,0,0,0,0,0,0,0,0,0,0,0,0,0,0,0,0,0,1,0,0,85,1,1,1,1,1,1,0,0,0,0,1,0,1,1,0,9
3171784,RSUmumYadika,0,4,8,9,27,2,1,0,10,2,0,4,2,2,71,7,5,1,2,1,0,2,0,1,1,1,0,0,0,0,2,0,0,0,0,0,0,0,0,0,1,0,0,0,1,5,0,0,0,0,0,0,0,0,0,2,0,0,0,2,0,0,0,0,0,1,1,4,0,0,0,0,0,0,0,0,0,0,0,0,0,0,0,0,0,0,1,0,0,0,0,0,0,0,0,0,41,1,1,1,1,1,1,1,0,0,1,1,1,0,1,0,11
3171511,RSUmumSiloamAsri,3,1,6,4,8,2,0,0,2,0,0,5,3,0,34,8,5,3,6,1,0,4,4,0,0,1,0,0,0,0,2,0,0,0,0,0,0,0,0,0,0,11,0,0,9,0,0,0,0,0,0,0,0,0,0,0,0,0,0,0,0,0,0,0,0,17,0,0,0,0,0,0,0,0,0,0,0,0,0,0,0,0,0,0,0,0,0,0,0,0,0,0,0,0,0,0,71,0,0,0,0,0,0,0,0,0,0,0,0,0,0,0,0
3171757,RSBersalinDurentiga,0,9,2,6,8,0,0,0,30,0,0,0,0,0,55,7,6,0,0,0,0,3,0,0,2,0,0,0,0,0,7,0,0,0,0,0,0,0,0,0,0,0,0,0,0,0,0,0,0,0,0,0,0,0,0,2,0,0,0,0,0,0,28,0,0,6,0,0,0,0,0,0,0,0,0,0,0,0,0,0,0,0,0,0,0,0,0,0,0,0,0,0,0,3,0,0,64,1,1,1,1,1,1,0,0,0,0,0,0,1,1,1,9
3171083,RSUmumAvisena,0,2,4,4,9,0,0,0,14,0,0,0,4,2,39,1,5,0,0,0,0,0,0,0,0,0,0,0,0,0,2,0,0,0,0,0,0,0,0,0,0,0,0,0,0,1,0,0,0,0,0,0,0,0,0,0,0,0,0,0,0,0,0,0,0,0,0,0,0,0,0,0,0,0,0,0,0,0,0,0,0,0,0,0,0,0,0,0,0,0,0,0,0,0,0,0,9,0,0,0,0,0,0,0,0,0,0,0,0,0,0,0,0
31717835,RSIbudanAnakKemangMedicalCare,5,10,6,8,8,0,0,1,19,1,0,2,3,0,63,10,14,1,1,0,3,0,0,3,1,0,0,0,0,0,14,0,0,0,2,0,0,0,0,0,1,0,0,1,0,3,0,0,0,0,0,0,0,0,0,0,0,0,0,0,0,13,0,0,0,10,0,3,0,0,9,0,6,0,0,0,0,0,0,0,0,0,0,0,0,0,0,0,0,0,0,0,0,0,0,0,95,1,1,1,1,1,1,1,0,0,1,1,0,1,1,0,11
3171424,RSKhususMataAiniProfdrIsakSalim,0,4,4,4,12,0,0,0,0,0,0,0,0,0,24,1,0,1,0,1,0,5,0,35,0,0,0,0,0,0,1,0,0,0,0,0,0,0,0,0,0,0,0,0,0,0,0,0,0,0,0,0,0,0,0,0,0,0,0,0,0,0,0,0,2,0,0,0,0,0,0,3,9,7,0,0,0,0,0,0,0,0,0,0,0,0,0,0,0,0,0,1,0,0,0,0,66,1,1,1,0,0,1,1,0,0,0,1,1,1,1,0,9
3171286,RSIbudanAnakBudhiJaya,3,4,4,4,7,0,1,0,12,1,0,4,2,0,42,10,11,1,2,1,0,3,0,0,0,0,0,0,0,0,3,0,0,0,0,0,0,0,1,0,0,1,0,0,0,2,0,0,0,0,0,0,0,0,0,2,0,0,0,0,0,0,37,0,0,2,0,3,0,0,0,0,0,5,0,0,0,0,0,0,0,0,0,0,0,0,1,0,0,1,0,1,0,3,0,0,90,1,1,1,1,1,1,1,0,0,1,1,1,1,1,0,12
3172531,RSUmumHarapanJayakarta,1,1,6,13,29,2,0,0,16,0,0,5,2,3,78,7,4,3,2,1,0,2,1,2,0,1,2,0,0,0,2,0,0,1,0,0,0,0,0,2,0,0,0,0,0,1,1,0,0,0,0,0,0,0,0,8,9,0,0,0,0,0,43,0,14,3,8,4,0,0,0,8,0,8,0,0,0,0,0,0,0,1,0,0,0,0,0,0,0,1,0,1,0,2,0,0,142,1,1,1,1,1,1,1,0,0,1,1,1,1,1,0,12
3172553,RSUmumHarapanBunda,6,35,37,44,39,6,3,12,15,3,0,8,2,11,221,19,8,8,3,3,2,5,2,12,2,3,2,0,0,0,10,0,0,0,0,0,0,0,2,2,4,0,0,0,4,7,0,0,0,0,0,0,0,0,0,0,0,0,0,0,0,0,0,0,0,39,0,0,0,0,0,0,0,0,0,0,0,0,0,0,0,0,0,0,0,0,0,0,0,0,0,0,0,0,0,0,137,1,1,1,1,1,1,1,0,0,1,1,1,1,1,1,13
3172590,RSUmumYadika,4,8,14,19,19,3,0,0,10,0,0,5,2,0,84,10,4,2,1,1,3,0,2,1,1,2,0,1,0,0,2,0,0,0,1,0,0,0,0,0,1,0,0,0,3,6,0,0,0,0,0,0,0,0,0,0,0,0,0,2,0,0,0,0,0,23,0,6,0,0,0,0,0,0,0,0,0,0,0,0,0,0,0,0,0,0,3,0,0,0,0,0,0,4,0,0,79,1,1,1,1,1,1,1,0,1,1,0,0,0,1,0,10
3172505,RSUmumIslamJakartaTimur,0,12,36,78,61,2,0,4,18,5,0,0,4,7,227,24,4,10,19,3,4,9,3,4,4,0,0,0,1,2,11,0,0,0,3,0,0,0,0,0,0,0,0,0,0,2,2,1,0,0,0,2,0,1,0,0,0,0,0,0,0,0,0,0,0,45,0,0,0,0,0,0,0,0,0,0,0,0,0,0,0,0,0,0,0,0,0,0,0,0,0,0,0,0,0,0,154,0,0,0,0,0,0,0,0,0,0,0,0,0,0,0,0
3172083,TkIVCijantungKesdamJaya,0,9,16,21,24,0,0,0,6,3,0,6,5,4,94,15,2,2,1,2,1,1,1,1,1,1,1,0,1,2,2,0,0,0,1,0,1,0,0,1,1,0,0,0,1,3,0,0,0,0,0,0,0,0,0,6,4,0,0,1,0,0,67,0,0,1,0,4,0,0,0,9,0,2,0,0,0,0,0,0,0,0,0,0,0,0,0,0,0,0,0,2,0,2,0,1,141,1,1,0,1,1,1,1,0,0,1,1,1,1,1,1,12
3172035,RSUmumPengayomCipinang,0,0,16,16,80,7,0,0,0,0,0,3,2,1,125,47,0,0,0,0,0,0,0,0,0,0,0,0,0,0,0,0,0,0,0,0,0,0,0,0,1,0,0,0,0,10,0,0,0,0,0,0,0,0,0,0,0,0,0,0,0,0,0,0,0,0,0,0,0,0,0,0,0,0,0,0,0,0,0,0,0,0,0,0,0,0,0,0,0,0,0,0,0,0,0,0,58,1,1,1,1,1,1,1,0,1,1,1,1,1,1,0,13
3172206,RSUmumPremierJatinegara,39,54,75,112,0,0,0,0,0,0,0,0,0,0,280,24,14,17,11,50,6,4,5,6,0,0,0,0,0,0,8,0,0,0,0,0,0,0,0,0,0,0,0,0,0,8,0,0,0,0,0,0,0,0,0,0,0,0,0,0,0,0,0,0,0,0,0,0,0,0,0,0,0,0,0,0,0,0,0,0,0,0,0,0,0,0,0,0,0,0,0,0,0,0,0,0,153,0,0,0,0,0,0,0,0,0,0,0,0,0,0,0,0
3172061,RSPusatAUdrEsnawanAntariksa,2,9,24,39,56,5,0,0,14,3,0,8,2,3,165,34,4,6,4,5,2,3,5,4,3,1,2,0,0,3,3,0,0,0,0,0,0,0,0,4,6,1,1,0,4,9,1,0,0,0,0,0,0,0,0,0,0,0,0,0,0,0,0,0,0,29,0,0,0,0,0,0,0,0,0,0,0,0,0,0,0,1,0,0,0,0,0,0,0,0,0,0,0,0,0,0,135,1,1,1,1,1,1,1,0,1,1,1,1,1,1,0,13
3172024,RSUmumDaerahBudhiAsih,0,10,12,23,253,4,0,0,14,4,0,17,6,2,345,10,4,4,3,1,1,2,1,4,2,2,3,0,0,0,4,0,0,0,0,0,0,0,0,0,2,0,0,0,3,2,0,0,0,0,0,0,0,0,0,0,0,0,0,0,0,0,0,0,0,39,0,0,0,0,0,0,0,0,0,0,0,0,0,0,0,0,0,0,0,0,0,0,0,3,2,0,0,0,0,0,92,0,0,0,0,0,0,0,0,0,0,0,0,0,1,1,2
3172094,RSUmumFKUKI,1,8,21,45,116,9,0,2,0,3,0,17,11,5,238,32,5,4,4,2,0,6,2,3,2,1,1,0,0,0,3,0,1,1,1,0,1,0,0,1,4,2,0,0,9,0,1,1,0,0,0,0,0,2,0,40,0,0,0,0,0,0,0,0,0,15,0,7,0,0,0,17,0,5,0,0,0,0,0,0,0,4,0,0,0,0,0,0,0,0,0,0,3,0,0,0,180,0,0,0,0,0,0,0,0,0,0,0,0,0,0,0,0
3172520,RSUmumHarum,0,26,20,29,16,7,0,0,4,0,0,7,2,1,112,17,4,7,3,1,1,4,1,4,5,1,4,0,0,0,3,0,1,3,2,0,1,0,0,0,0,3,0,0,1,3,2,0,0,0,0,0,0,0,0,123,0,0,0,0,0,0,0,0,0,19,0,6,0,0,0,0,0,1,0,0,0,0,0,0,0,0,0,0,0,0,0,0,0,0,0,0,0,0,0,0,220,1,0,1,1,1,1,1,0,0,1,0,0,0,0,0,7
3172724,RSUmumHajiJakarta,6,15,47,82,54,3,2,4,19,3,1,12,8,9,265,14,10,9,1,3,4,6,3,6,5,1,5,0,1,0,7,0,2,3,3,0,0,0,2,1,3,0,3,1,6,2,3,1,0,0,0,2,0,1,0,79,0,0,0,6,0,0,181,0,0,4,38,11,0,2,0,23,0,6,0,2,0,0,0,0,0,0,0,0,0,0,1,0,0,0,3,9,0,7,0,0,480,1,0,1,1,0,1,0,0,0,0,1,0,1,1,1,8
3172126,RSUmumDaerahPasarRebo,1,2,44,50,143,3,0,0,18,7,4,25,12,6,315,24,4,5,2,2,2,3,3,2,2,2,3,0,0,2,4,0,3,2,3,0,1,0,2,1,3,2,1,0,0,3,1,1,0,2,0,0,0,0,0,8,0,0,0,4,0,0,312,1,0,7,43,10,0,3,1,24,1,5,0,4,0,0,2,0,0,8,0,0,0,0,0,0,2,2,0,10,3,0,0,0,535,1,1,1,1,1,1,1,0,1,1,1,1,1,1,1,14
3172767,RSKhususMataSMECJakarta,0,0,0,0,0,0,0,0,0,0,0,0,0,0,0,0,0,0,0,0,0,0,0,0,0,0,0,0,0,0,0,0,0,0,0,0,0,0,0,0,0,0,0,0,0,0,0,0,0,0,0,0,0,0,0,0,0,0,0,0,0,0,0,0,0,0,0,0,0,0,0,0,0,0,0,0,0,0,0,0,0,0,0,0,0,0,0,0,0,0,0,0,0,0,0,0,0,0,0,0,0,0,0,0,0,0,0,0,0,0,0,0,0
31727475,RSUmumAdmira,0,17,30,0,0,0,0,1,4,2,0,4,3,0,61,4,3,3,2,2,1,3,1,1,2,1,0,0,0,0,3,0,0,0,0,0,0,0,0,1,0,6,0,0,0,10,0,0,0,0,0,0,0,0,0,0,0,0,0,0,0,0,0,0,0,7,0,0,0,0,0,0,0,0,0,0,0,0,0,0,0,0,0,0,0,0,0,0,0,0,0,0,0,0,0,0,50,1,1,1,1,1,1,1,1,0,0,1,1,1,1,0,12
31727475,RSUmumOmniMedicalCenter,7,40,18,28,30,4,0,0,10,2,0,8,3,2,152,13,7,4,4,5,2,1,2,4,4,1,4,1,0,2,1,1,0,2,2,2,0,3,0,0,0,4,0,3,1,3,2,1,0,0,0,1,1,1,0,28,12,0,0,2,0,0,113,0,20,13,0,11,0,2,0,18,0,11,0,0,0,0,2,0,1,0,0,0,0,1,1,0,0,1,1,2,2,8,0,0,331,1,1,1,1,1,1,1,1,1,1,1,1,1,1,0,14
3172516,RSUmumKartikaPuloMas,1,3,15,18,27,2,0,0,16,0,0,3,3,2,90,8,6,3,3,1,2,4,0,1,1,1,1,0,0,1,5,0,0,0,0,0,0,0,1,1,0,0,0,0,0,0,0,0,0,0,0,0,0,0,0,4,1,0,0,0,0,0,6,1,19,5,1,2,0,0,0,0,1,0,0,0,0,0,0,0,1,4,0,0,0,0,0,0,0,0,1,0,0,0,2,0,87,1,1,1,1,1,1,1,0,0,1,1,1,1,1,0,12
3172013,RSUPPersahabatan,4,46,84,69,287,12,4,4,46,0,6,25,12,6,605,59,14,12,10,5,5,7,7,6,4,9,4,26,4,1,3,8,0,2,3,4,2,0,0,3,2,5,8,2,1,6,2,3,0,0,0,0,2,0,0,85,0,0,0,0,0,0,606,0,43,23,92,9,14,9,0,48,4,38,0,10,0,0,0,0,0,0,0,0,0,57,5,0,0,0,1,0,29,8,0,0,1310,1,1,1,1,1,1,1,1,1,1,1,1,1,1,1,15
3172713,RSUmumMediros,0,11,16,25,31,0,0,0,3,3,0,5,1,1,96,12,1,1,1,1,0,1,0,1,0,1,1,0,0,2,2,0,2,2,1,0,1,0,0,1,1,0,0,0,0,2,0,0,0,0,0,0,0,0,0,3,0,0,0,0,0,0,32,0,0,2,10,4,0,1,0,3,0,5,0,0,0,0,0,0,0,1,0,0,0,2,0,0,0,1,0,2,0,3,0,0,103,1,1,1,1,1,1,1,0,0,1,1,0,0,1,0,10
3172702,RSUmumDharmaNugraha,2,13,18,31,18,2,0,0,0,0,3,4,2,2,95,7,3,3,2,3,2,7,2,3,2,1,2,0,0,0,3,0,0,0,0,0,0,0,2,1,3,1,0,0,3,3,0,0,0,0,0,0,0,0,0,0,0,9,0,0,0,0,0,0,0,9,0,0,0,0,0,0,0,0,0,0,0,0,0,0,0,0,0,0,0,0,0,0,0,0,0,0,0,0,0,0,71,1,1,1,1,1,1,1,0,1,1,1,1,1,1,0,13
3172750,RSIbudanAnakRestiMulya,1,3,6,6,20,0,0,0,10,0,0,3,1,0,50,6,8,1,1,0,0,3,0,0,0,0,0,0,0,0,3,0,0,0,0,0,0,0,0,0,0,0,0,0,0,5,0,0,0,0,0,0,0,0,0,0,3,0,0,0,0,4,12,0,0,7,0,0,0,0,0,4,0,2,0,0,0,0,0,0,0,0,0,0,0,0,1,0,0,0,0,0,0,1,0,0,61,1,1,1,1,1,1,0,0,0,1,0,1,1,1,0,10
3171435,RSKetergantunganObat,0,4,12,8,72,0,0,0,0,4,0,0,0,0,100,22,0,0,0,1,1,0,0,0,0,1,1,0,0,0,0,16,0,0,1,0,0,0,0,4,1,0,0,0,0,3,0,0,1,0,0,0,0,0,0,6,0,0,0,2,0,0,66,0,0,3,9,6,0,0,0,10,0,12,0,0,0,0,0,0,0,0,0,0,0,0,0,0,0,1,0,21,0,1,0,0,189,0,0,0,0,0,1,1,0,1,1,1,1,1,1,0,8
3172746,RSJiwaDurenSawit,0,0,0,0,25,0,0,0,0,0,0,0,0,0,25,0,0,0,0,0,0,0,0,0,0,0,0,0,0,0,0,0,0,0,0,0,0,0,0,0,0,0,0,0,0,0,0,0,0,0,0,0,0,0,0,0,0,0,0,0,0,0,0,0,0,0,0,0,0,0,0,0,0,0,0,0,0,0,0,0,0,0,0,0,0,0,0,0,0,0,0,0,0,0,0,0,0,0,0,0,0,0,0,0,0,0,0,0,0,0,0,0,0
3172735,RSJiwaIslamKlender,0,1,6,12,31,0,0,0,0,0,0,2,0,0,52,1,0,0,0,0,0,0,0,0,0,0,0,0,0,0,0,0,0,0,0,0,0,0,0,11,0,0,0,0,0,0,0,0,0,0,0,0,0,0,0,0,0,0,0,0,0,0,0,0,0,3,0,0,0,0,0,0,0,0,0,0,0,0,0,0,0,0,0,0,0,0,0,0,0,0,0,0,0,0,0,0,15,0,0,0,0,0,0,0,0,0,0,0,0,1,0,0,1
3172748,RSIbudanAnakBundaAliyah,2,7,10,12,15,2,5,5,12,0,0,4,2,0,76,10,21,2,1,1,0,5,0,1,2,1,1,0,1,0,8,0,0,0,1,0,0,0,1,0,1,1,0,0,1,4,0,2,0,0,0,1,1,0,0,4,0,0,0,2,0,0,72,0,20,2,17,2,0,1,0,12,0,5,0,0,0,0,0,0,0,2,0,0,0,0,1,0,0,1,0,3,3,4,0,0,218,1,1,1,1,1,1,1,0,0,1,1,1,1,1,0,12
31727565,RSIbudanAnakSammrieBasra,1,2,2,4,6,0,2,2,8,0,0,3,1,0,31,5,10,2,0,3,0,0,0,0,0,0,0,0,0,0,2,0,1,0,4,0,0,0,0,0,0,0,0,0,0,4,0,0,0,0,0,0,0,0,0,0,0,0,0,0,0,0,17,0,0,7,0,0,0,0,0,0,0,0,0,0,0,0,0,0,0,0,0,0,0,0,0,0,0,0,0,0,0,0,0,0,55,0,0,0,0,0,0,1,0,0,0,0,0,0,0,0,1
3172137,RSIbudanAnakSayyidah,0,0,0,0,50,0,0,0,0,0,0,0,0,0,50,0,0,0,0,0,0,0,0,0,0,0,0,0,0,0,0,0,0,0,0,0,0,0,0,0,0,0,0,0,0,0,0,0,0,0,0,0,0,0,0,0,0,0,0,0,0,0,0,0,0,0,0,0,0,0,0,0,0,0,0,0,0,0,0,0,0,0,0,0,0,0,0,0,0,0,0,0,0,0,0,0,0,0,0,0,0,0,0,0,0,0,0,0,0,0,0,0,0
3172243,RSUmumHermina,16,11,24,27,22,1,2,7,24,0,0,9,3,2,148,17,48,5,9,2,5,5,2,4,4,1,1,0,0,0,36,0,0,0,0,0,0,2,1,1,7,0,0,0,48,4,0,0,0,0,0,0,0,0,0,0,0,0,0,0,0,0,234,0,0,26,0,0,0,0,0,0,0,20,0,0,0,0,0,0,0,0,0,0,0,0,0,0,0,0,0,0,0,0,0,0,482,0,0,0,0,0,0,0,0,0,0,0,0,0,0,0,0
3172759,RSIbudanAnakRestuKasih,0,4,5,4,31,0,0,0,3,0,0,3,2,0,52,6,4,2,1,1,0,3,1,0,2,0,0,0,0,0,5,0,0,0,0,0,0,0,0,0,0,0,0,0,1,3,0,0,0,0,0,0,0,0,0,0,0,0,0,0,0,0,15,0,0,13,0,1,0,0,0,3,0,3,0,0,0,0,0,0,0,0,0,0,0,0,2,0,0,0,0,1,0,0,0,0,67,1,1,0,1,1,1,1,0,0,1,0,1,1,1,0,10
3172752,RSJantungBinaWaluya,4,7,9,8,10,0,0,0,0,0,0,2,1,0,41,3,0,1,1,1,0,1,8,0,0,1,0,0,0,0,0,0,0,0,0,0,0,0,0,0,0,0,0,0,0,0,0,0,0,0,0,0,0,0,0,0,0,0,0,0,0,0,0,0,0,5,0,0,0,0,0,0,0,0,0,0,0,0,0,0,0,0,0,0,0,0,0,0,0,0,0,0,0,0,0,0,21,0,0,0,0,0,0,0,0,0,0,0,0,0,0,0,0
31727555,RSJantungJakarta,3,10,0,10,28,0,0,0,0,0,0,2,3,0,56,0,0,0,0,0,0,0,0,0,0,0,0,0,0,0,0,4,0,0,0,0,0,0,0,0,0,0,0,0,0,0,0,0,0,0,0,0,0,0,0,0,0,0,0,0,0,0,0,0,0,0,0,0,0,0,0,0,0,0,0,0,0,0,0,0,0,0,0,0,0,0,0,0,0,0,0,0,0,0,0,0,4,0,0,0,0,0,0,0,0,0,0,0,0,0,0,0,0
3172301,RSKhususBedahRawamangun,0,2,9,5,21,0,0,0,5,3,0,4,2,2,53,10,4,3,3,2,1,2,1,1,2,1,2,1,1,1,4,0,0,2,1,0,0,0,0,1,1,2,1,1,3,4,0,0,0,2,0,0,0,0,0,10,0,0,0,2,0,0,28,0,0,1,1,3,0,0,0,6,0,4,0,0,0,0,0,0,0,7,0,0,3,0,1,0,0,1,0,0,1,2,0,0,127,1,1,0,1,1,1,1,0,1,1,0,1,1,1,0,11
3101002,RSUmumDaerahKepulauanSeribu,0,0,0,0,10,0,0,0,0,0,0,3,0,0,13,5,0,0,0,0,0,0,0,0,0,0,0,0,0,0,0,0,0,0,0,0,0,0,0,0,0,0,0,0,0,0,0,0,0,0,0,0,0,0,0,0,0,0,0,0,0,0,0,0,0,0,0,0,0,0,0,0,0,0,0,0,0,0,0,0,0,0,0,0,0,0,0,0,0,0,0,0,0,0,0,0,5,0,0,0,0,0,0,0,0,0,0,0,0,0,0,0,0
3172749,RSKPusatOtakNasional,5,10,44,15,39,10,0,0,0,8,0,11,3,4,149,17,2,0,3,0,5,3,0,1,3,2,0,0,0,0,2,0,0,2,0,0,0,0,0,0,25,1,7,2,0,1,0,0,0,0,0,0,0,0,0,154,0,0,0,0,0,0,203,0,0,11,22,17,0,3,0,23,0,16,0,0,0,0,0,0,0,4,0,0,0,0,2,0,0,0,3,16,0,9,3,0,562,1,1,1,0,0,1,1,1,1,1,1,1,1,1,0,12
3173014,RSUPNDrCiptoMangunkusumo,32,66,93,56,530,30,12,10,12,22,10,29,17,0,919,56,14,6,8,3,24,2,19,14,7,9,3,1,12,31,1,5,12,17,8,0,8,10,3,16,19,10,9,269,3,4,6,4,6,0,0,2,4,3,0,159,127,0,0,33,0,282,1401,0,65,39,250,63,29,39,5,136,13,128,5,26,1,0,0,0,0,0,0,0,0,117,6,0,0,5,6,49,14,35,6,6,3673,1,1,1,1,1,1,1,1,1,1,1,1,1,1,1,15
31717895,RSUmumSiloamHospitals,2,21,14,10,15,5,0,2,2,5,0,9,3,6,94,14,10,11,3,3,4,5,9,3,4,1,3,3,1,0,10,1,4,5,2,0,0,0,1,3,5,0,2,2,0,5,1,3,0,0,0,4,0,1,0,0,0,0,0,0,0,0,0,0,0,14,0,0,0,0,0,0,0,0,0,0,0,0,0,0,0,0,0,0,0,0,0,0,0,0,0,0,0,0,0,0,137,0,0,0,0,0,0,0,0,0,0,0,1,0,1,1,3
3172072,RSUmumBhayangkaraTkIRSaidSukamto,27,159,254,194,277,80,4,15,15,23,6,85,12,12,1163,49,8,4,5,5,1,5,2,5,3,3,3,1,2,3,4,0,2,3,3,5,0,0,2,4,3,1,2,2,1,8,6,1,0,5,0,2,1,0,0,69,0,0,0,2,0,0,438,0,51,9,54,11,0,4,1,54,2,4,0,8,0,0,0,0,0,0,0,0,0,0,0,0,3,1,0,0,0,0,0,0,865,1,1,1,1,1,1,1,1,1,1,1,1,1,1,1,15
3172520,RSUmumHarum,0,26,20,29,16,7,0,0,4,0,0,7,2,1,112,17,4,7,3,1,1,4,1,4,5,1,4,0,0,0,3,0,1,3,2,0,1,0,0,0,3,0,0,0,1,3,2,0,0,0,0,0,0,0,0,123,0,0,0,0,0,0,0,0,0,19,0,6,0,0,0,0,1,0,0,0,0,0,0,0,0,0,0,0,0,0,0,0,0,0,0,0,0,0,0,0,220,1,0,1,1,1,1,1,0,0,0,1,0,0,0,0,7
3173645,RSUmumMentengMitraAfia,0,6,12,20,34,2,0,0,25,4,0,6,0,3,112,8,7,1,1,1,0,5,1,5,1,1,2,0,0,0,2,0,0,2,1,0,0,0,0,2,3,0,0,0,0,3,0,0,0,0,0,0,0,0,0,16,9,0,0,2,0,5,37,0,0,0,0,4,0,0,0,9,0,6,0,0,0,0,0,0,0,0,0,0,0,0,0,0,0,0,0,1,0,2,0,0,137,1,1,1,1,1,1,1,0,1,1,1,1,1,1,0,13
31727535,RSUmumAntamMedika,7,14,16,21,28,3,1,1,8,0,2,11,2,3,117,15,6,12,4,2,3,4,3,3,1,1,4,1,1,4,5,0,1,4,1,0,0,0,0,2,3,0,3,1,11,4,3,2,1,2,1,1,0,1,0,16,10,0,0,4,0,0,80,0,18,8,14,8,0,1,0,0,0,11,0,0,0,1,1,0,0,0,0,0,0,0,0,0,0,1,0,3,3,5,0,0,294,1,1,1,1,1,1,1,0,0,1,1,1,1,1,0,12
3173696,RSUmumBundaJakarta,8,8,3,8,5,2,0,0,10,4,2,7,3,1,61,10,3,2,1,3,0,3,1,3,0,0,1,0,1,0,3,0,2,2,2,0,1,1,0,1,3,9,4,1,3,3,0,1,0,0,0,1,1,0,0,17,2,0,0,1,0,0,5,0,0,3,21,10,0,1,0,0,0,2,0,0,0,0,0,0,0,0,0,0,0,0,0,0,0,1,2,2,0,5,1,0,139,1,1,1,1,1,1,1,1,1,1,1,0,1,1,0,13
3172758,RSUmumColumbiaAsiaPulomas,0,6,20,12,12,2,2,2,10,2,0,6,3,1,78,14,9,6,4,4,0,3,2,3,3,3,2,0,0,2,5,0,1,0,1,0,0,2,1,1,3,6,2,1,1,3,1,0,0,0,0,0,0,1,0,16,0,0,0,0,0,0,48,0,0,5,3,3,4,2,0,7,1,3,0,0,0,0,0,0,0,0,0,0,1,0,0,0,0,0,0,2,6,0,0,0,185,1,1,1,1,1,1,1,0,1,1,1,1,1,1,0,13
3174522,RSUmumCiputraHospitalCitragardenCity,2,13,50,45,90,4,3,9,10,4,2,13,4,5,254,12,5,4,2,4,2,3,2,1,1,1,1,0,0,2,7,0,1,2,2,0,1,0,1,1,3,0,1,0,1,6,1,3,0,0,0,0,0,0,0,74,9,0,0,4,0,1,0,0,10,6,7,8,0,2,0,11,1,9,0,0,0,0,0,0,0,0,0,0,0,0,0,0,0,0,0,3,0,5,0,0,220,1,1,1,1,1,1,1,1,0,1,1,1,1,1,0,13
3173706,RSUmumHerminaKemayoran,5,15,17,16,38,1,2,1,28,2,0,6,2,3,136,10,28,8,13,4,1,9,4,3,5,5,1,0,0,2,30,0,3,2,5,0,0,0,0,0,3,0,0,1,0,4,1,0,0,1,0,0,0,0,0,0,0,0,0,2,0,0,0,0,0,6,0,5,0,0,0,12,0,7,0,0,0,0,0,0,0,0,0,0,0,0,0,0,0,0,0,2,0,7,4,0,188,0,0,0,0,0,0,0,0,0,0,0,0,1,1,0,2
3171790,RSUmumDaerahKecamatanTebet,0,0,0,0,25,0,0,0,3,0,0,4,1,1,34,19,2,2,1,1,0,1,0,1,1,0,0,0,0,0,2,0,0,0,1,0,0,0,0,1,2,0,0,0,0,2,1,1,0,0,0,0,0,0,0,2,8,0,0,1,0,0,29,0,14,5,5,2,0,0,0,5,1,5,0,0,0,0,0,0,0,1,0,0,0,0,0,0,0,1,0,3,0,0,0,0,120,1,1,1,1,1,1,1,0,0,1,1,1,1,1,0,12
3172050,RSPusdikkes,0,8,9,29,28,0,0,0,3,0,0,7,2,2,88,10,2,2,3,2,0,2,1,2,2,1,2,0,2,1,2,0,1,2,1,0,0,0,1,0,1,0,0,1,0,2,1,0,0,2,0,0,0,0,0,1,0,0,0,2,0,0,1,0,7,2,0,2,0,0,0,6,0,0,0,0,0,0,0,0,0,0,0,0,0,0,0,0,0,0,0,0,0,1,0,0,68,1,1,1,1,0,1,1,0,0,1,0,0,0,1,0,8
3172757,RSUmumAdhyaksa,0,0,20,28,30,0,0,0,16,3,0,7,2,4,110,12,2,3,1,1,0,1,1,1,0,2,1,1,1,0,2,0,0,0,0,0,0,0,0,2,0,1,1,0,1,3,1,0,0,0,0,0,0,0,0,0,0,0,0,2,0,0,89,0,0,4,11,6,0,1,0,6,0,1,0,0,0,0,0,0,0,0,0,0,0,2,0,0,0,0,0,1,0,0,0,0,161,1,1,1,1,1,1,1,0,0,1,1,1,1,1,0,12
3175414,RSUmumDaerahCilincing,0,0,0,0,8,0,0,0,0,1,0,6,0,0,15,13,3,2,1,0,0,0,0,1,1,1,0,0,0,0,3,0,0,0,0,0,0,0,0,0,1,0,0,0,0,1,0,0,0,0,0,0,0,0,0,1,0,0,0,1,0,0,0,0,0,0,0,0,0,0,0,0,0,0,0,0,0,0,0,0,0,0,0,0,0,0,0,0,0,0,0,0,0,0,0,0,29,0,0,0,0,0,0,0,0,0,0,0,0,0,0,0,0
3174518,RSUmumDaerahKecamatanKalideres,0,0,0,0,22,0,0,0,16,4,0,8,1,0,51,11,3,1,1,0,2,1,1,1,1,0,0,0,0,0,3,0,0,0,0,0,0,0,0,1,1,1,0,0,0,3,0,0,0,0,0,0,0,0,0,0,3,0,0,2,0,0,6,0,0,3,7,5,0,1,0,7,0,4,0,0,0,0,0,0,2,0,0,0,0,0,0,0,0,1,0,2,0,2,0,0,76,1,1,1,1,1,1,1,0,0,1,1,1,1,1,0,12
3171795,RSUmumDaerahPasarMinggu,0,7,28,39,338,15,9,12,7,18,7,20,6,16,522,29,1,1,1,1,0,2,0,1,1,1,1,0,1,3,2,0,0,3,1,0,0,0,0,0,1,1,1,0,0,2,1,0,1,0,0,1,0,0,0,29,0,0,0,2,0,0,112,0,0,6,35,6,0,1,0,9,0,9,0,0,0,0,0,0,0,0,0,0,0,0,2,0,0,0,0,5,0,4,0,0,277,0,0,0,0,0,0,0,0,0,0,0,0,1,0,0,1
3174523,RSUmumDaerahMatraman,0,0,0,0,28,0,0,0,0,3,0,0,0,0,31,13,2,2,1,1,0,0,0,1,0,1,1,0,0,0,1,0,0,0,0,0,0,0,0,0,1,13,0,0,0,3,0,1,0,0,0,0,0,0,0,2,0,0,0,2,0,0,0,0,0,2,0,0,0,0,0,0,0,0,0,0,0,0,0,0,0,0,0,0,0,0,0,0,0,0,0,0,0,0,0,0,47,0,0,0,0,0,0,0,0,0,0,0,0,0,0,0,0
3173705,RSUmumDaerahTanahAbang,0,0,0,0,25,0,0,0,5,0,0,2,0,1,33,11,2,1,0,0,0,0,0,0,1,0,0,0,0,0,1,0,0,0,0,0,0,0,0,0,1,0,0,0,0,2,0,0,0,0,0,2,0,0,0,5,0,0,0,1,0,0,14,0,0,3,4,5,0,1,0,5,0,3,0,0,0,0,0,0,0,0,0,0,0,0,0,0,0,1,0,3,0,1,0,0,67,0,0,0,0,0,1,1,0,0,1,0,0,1,1,0,5
3171610,RSUmumHarapanKartini,4,8,6,22,0,0,0,0,0,0,0,0,0,0,40,1,0,0,0,0,0,0,0,0,0,0,0,0,0,0,0,0,0,0,0,0,0,0,0,0,0,0,0,0,0,0,0,0,0,0,0,0,0,0,0,0,0,0,0,0,0,0,0,0,0,0,0,0,0,0,0,0,0,0,0,0,0,0,0,0,0,0,0,0,0,0,0,0,0,0,0,0,0,0,0,0,1,0,0,0,0,0,0,0,0,0,0,0,0,0,0,0,0
3171676,RSUmumIndahMedika,0,0,0,50,0,0,0,0,0,0,0,0,0,0,50,1,0,0,0,0,0,0,0,0,0,0,0,0,0,0,0,0,0,0,0,0,0,0,0,0,0,0,0,0,0,0,0,0,0,0,0,0,0,0,0,0,0,0,0,0,0,0,0,0,0,0,0,0,0,0,0,0,0,0,0,0,0,0,0,0,0,0,0,0,0,0,0,0,0,0,0,0,0,0,0,0,1,0,0,0,0,0,0,0,0,0,0,0,0,0,0,0,0
3173131,RSJiwaDharmaJaya,0,0,0,0,52,0,0,0,0,0,0,0,0,0,52,3,0,0,0,0,0,0,1,0,0,0,0,0,0,0,0,0,0,0,0,0,0,0,0,0,0,0,0,0,0,0,0,0,0,0,0,0,0,0,0,0,0,0,0,0,0,0,0,0,0,0,0,0,0,0,0,0,0,0,0,0,0,0,0,0,0,0,0,0,0,0,0,0,0,0,0,0,0,0,0,0,4,0,0,0,0,0,0,0,0,0,0,0,0,0,0,0,0
3173244,RSKhususBedahKramatLima,0,0,0,0,44,0,0,0,0,0,0,0,0,0,44,1,0,0,0,0,0,0,0,0,0,0,0,0,0,0,0,0,0,0,0,0,0,0,0,0,0,0,0,0,0,0,0,0,0,0,0,0,0,0,0,0,0,0,0,0,0,0,0,0,0,0,0,0,0,0,0,0,0,0,0,0,0,0,0,0,0,0,0,0,0,0,0,0,0,0,0,0,0,0,0,0,1,0,0,0,0,0,0,0,0,0,0,0,0,0,0,0,0
3173372,RSBersalinAngkasa,0,0,0,0,35,0,0,0,0,0,0,0,0,0,35,1,0,0,0,0,0,0,0,0,0,0,0,0,0,0,0,0,0,0,0,0,0,0,0,0,0,0,0,0,0,0,0,0,0,0,0,0,0,0,0,0,0,0,0,0,0,0,0,0,0,0,0,0,0,0,0,0,0,0,0,0,0,0,0,0,0,0,0,0,0,0,0,0,0,0,0,0,0,0,0,0,1,0,0,0,0,0,0,0,0,0,0,0,0,0,0,0,0
3174395,RSUmumAlKamal,2,8,30,28,0,0,0,0,0,0,0,0,0,0,68,4,0,0,0,0,0,0,0,0,0,0,0,0,0,0,0,0,0,0,0,0,0,0,0,0,0,0,0,0,0,0,0,0,0,0,0,0,0,0,0,0,0,0,0,0,0,0,0,0,0,0,0,0,0,0,0,0,0,0,0,0,0,0,0,0,0,0,0,0,0,0,0,0,0,0,0,0,0,0,0,0,4,0,0,0,0,0,0,0,0,0,0,0,0,0,0,0,0
3174405,RSUmumManuela,6,15,17,12,0,0,0,0,0,0,0,0,0,0,50,0,2,2,1,1,0,2,1,0,0,0,0,0,0,0,4,0,0,0,0,0,0,0,0,0,0,0,0,0,0,0,0,0,0,0,0,0,0,0,0,0,0,0,0,0,0,0,0,0,0,0,0,0,0,0,0,0,0,0,0,0,0,0,0,0,0,0,0,0,0,0,0,0,0,0,0,0,0,0,0,0,13,0,0,0,0,0,0,0,0,0,0,0,0,0,0,0,0
3172751,RSGigiDanMulutAngkatanUdara,0,0,0,0,0,0,0,0,0,0,0,6,2,0,8,2,0,0,0,0,0,0,0,0,0,0,0,0,0,0,0,0,0,0,0,0,0,0,0,0,0,0,0,0,0,0,0,0,0,0,0,0,0,0,0,0,0,0,0,0,0,0,0,0,0,0,0,0,0,0,0,0,0,0,0,0,0,0,0,0,0,0,0,0,0,0,0,0,0,0,0,0,0,0,0,0,2,0,0,0,0,0,0,0,0,0,0,0,0,0,0,0,0
31745165,RSIbudanAnakIbnuSina,0,0,2,8,13,0,0,0,15,2,0,4,2,0,46,5,2,1,1,0,0,1,0,1,0,0,0,0,0,0,1,0,0,0,0,0,0,0,0,0,0,0,0,0,0,4,0,0,0,0,0,0,0,0,0,3,0,0,0,0,0,0,0,0,10,4,2,0,0,0,0,0,0,1,0,0,0,0,0,0,0,0,0,0,0,0,0,0,0,0,0,0,0,0,0,0,36,1,1,0,1,1,1,0,0,0,1,1,1,1,1,0,10
3173697,RSGigidanMulutTNIALREMartadinata,0,0,0,0,0,0,0,0,0,0,0,1,1,0,2,0,0,0,0,0,0,0,0,0,0,0,0,0,0,0,0,0,0,0,0,0,0,0,0,0,0,0,0,0,0,26,4,7,2,0,0,4,6,4,0,0,3,0,0,54,0,0,0,0,0,1,0,2,0,0,16,0,0,0,0,0,0,0,0,0,0,0,0,0,0,0,0,0,0,0,0,0,0,0,0,0,129,0,0,0,0,0,0,1,0,0,0,0,0,1,1,0,3
3174529,RSUmumCendana,0,0,0,0,0,0,0,0,0,0,0,0,0,0,0,0,0,0,0,0,0,0,0,0,0,0,0,0,0,0,0,0,0,0,0,0,0,0,0,0,0,0,0,0,0,0,0,0,0,0,0,0,0,0,0,0,0,0,0,0,0,0,0,0,0,0,0,0,0,0,0,0,0,0,0,0,0,0,0,0,0,0,0,0,0,0,0,0,0,0,0,0,0,0,0,0,0,0,0,0,0,0,0,0,0,0,0,0,0,0,0,0,0
3173699,RSUmumDaerahKemayoran,0,0,0,0,24,0,0,0,0,0,0,4,0,0,28,10,2,2,1,0,0,0,0,0,0,1,0,0,0,0,1,0,0,0,0,0,0,0,0,0,0,0,0,0,0,4,0,0,0,0,0,0,0,0,0,2,0,0,0,1,0,1,15,0,0,1,5,3,0,0,0,6,0,2,0,0,0,0,0,0,0,0,0,0,0,0,0,0,0,0,0,0,0,0,0,0,57,0,0,0,1,0,1,0,0,0,1,0,0,0,1,0,4
3175410,RSUmumPekerja,0,1,4,12,12,0,0,0,3,0,0,6,1,1,40,5,2,2,1,1,0,0,0,0,0,0,0,0,0,0,1,0,0,0,0,0,0,0,0,0,0,1,0,0,0,1,0,1,0,0,0,0,0,0,0,4,0,0,0,0,0,0,15,0,4,4,0,3,0,0,0,4,0,2,0,0,0,0,0,0,0,0,0,0,0,0,0,0,0,0,0,1,0,1,0,0,53,1,1,1,1,1,1,1,0,0,1,1,0,1,1,0,11
3172760,RSIbudanAnakElShama,1,5,5,15,7,0,3,1,0,3,0,3,2,0,45,6,2,1,1,1,1,1,0,0,1,1,0,0,0,0,1,0,0,0,0,0,0,0,0,0,0,0,0,0,0,1,0,0,0,0,0,0,0,0,0,0,0,0,0,0,0,0,50,0,0,1,0,0,0,0,0,0,0,0,0,0,0,0,0,0,0,0,0,0,0,0,0,0,0,0,0,0,0,0,0,0,68,1,1,1,1,1,1,1,0,0,1,1,1,1,1,0,12
3175411,RSUmumDutaIndah,0,4,4,8,10,0,0,0,2,0,0,5,2,0,35,6,3,2,2,1,4,0,2,0,1,0,0,0,0,0,2,0,0,0,0,0,0,0,0,0,0,0,0,0,0,1,0,0,0,0,0,0,0,1,0,6,3,0,0,2,0,4,15,0,4,2,0,3,0,0,0,3,1,4,0,0,0,0,0,0,0,0,0,0,0,0,0,0,0,0,0,0,0,0,0,0,72,1,1,1,1,1,1,0,0,1,0,1,1,1,1,0,11
3173698,RSUmumDaerahSawahBesar,0,0,0,0,33,0,0,0,0,2,0,4,0,0,39,12,1,2,0,0,0,0,0,0,0,0,0,0,0,0,2,0,0,0,0,0,0,0,0,0,0,0,0,0,0,0,0,0,0,0,0,0,0,0,0,2,0,0,0,0,0,0,0,0,0,0,0,2,0,1,0,0,0,5,0,0,0,0,0,0,0,0,0,0,0,0,0,0,0,1,0,1,0,0,0,0,29,0,0,0,1,0,0,0,0,0,1,0,0,0,0,0,2
3175412,RSUmumDaerahTuguKoja,0,0,0,0,46,0,0,0,0,1,0,7,0,0,54,9,3,3,1,1,0,1,0,2,1,1,0,0,0,0,2,0,0,0,0,0,0,0,0,0,0,2,0,0,0,1,0,1,0,0,0,0,0,0,0,0,0,0,0,0,0,0,37,0,0,3,5,3,0,0,0,0,0,3,0,0,0,0,0,0,0,0,0,0,0,0,0,0,0,0,0,0,0,0,0,0,79,1,1,1,1,0,1,1,0,0,1,0,1,1,1,0,10
3171792,RSUmumDaerahJagakarsa,0,0,0,0,22,0,0,0,2,3,0,3,0,0,30,8,2,1,0,0,0,0,0,1,1,0,0,0,0,0,2,0,0,0,0,0,0,0,0,0,0,0,0,0,0,3,0,0,0,0,0,0,0,0,0,5,0,0,0,3,0,0,0,0,0,3,0,0,0,0,0,0,0,0,0,0,0,0,0,0,0,0,0,0,0,0,0,0,0,0,0,0,0,0,0,0,29,0,0,0,1,0,1,1,0,0,0,0,0,1,1,0,5
3173701,RSUmumDaerahJoharBaru,0,0,0,0,27,0,0,0,3,2,0,3,0,3,38,13,3,2,1,1,0,0,0,0,1,0,0,0,0,0,3,0,0,0,0,0,0,0,0,0,0,0,0,0,0,2,0,0,0,0,0,0,0,0,0,1,0,0,0,1,0,0,30,0,15,0,0,2,0,1,0,6,0,2,0,0,0,0,0,0,0,0,0,0,0,0,0,0,0,0,0,0,0,0,0,0,84,0,0,0,0,0,1,0,0,0,0,0,0,1,1,0,3
3171793,RSUmumDaerahMampangPrapatan,0,0,0,0,37,0,0,0,0,2,0,0,0,0,39,0,0,0,0,0,0,0,0,0,0,0,0,0,0,0,0,0,0,0,0,0,0,0,0,0,0,0,0,0,0,0,0,0,0,0,0,0,0,0,0,0,0,0,0,0,0,0,0,0,0,0,0,0,0,0,0,0,0,0,0,0,0,0,0,0,0,0,0,0,0,0,0,0,0,0,0,0,0,0,0,0,0,0,0,0,0,0,0,0,0,0,0,0,0,0,0,0,0
3172761,RSUmumDaerahKramatJati,0,0,0,0,26,0,0,0,0,0,0,3,0,0,29,11,1,0,0,0,0,0,0,0,0,0,0,0,0,0,1,0,0,0,0,0,0,0,0,0,0,0,0,0,0,3,0,0,0,0,0,0,0,0,0,0,0,0,0,1,0,0,3,0,0,2,0,2,0,0,0,2,0,1,0,0,0,0,0,0,0,0,0,0,0,0,0,0,0,0,0,0,0,0,0,0,27,0,0,0,0,0,0,0,0,0,0,0,0,0,0,0,0
3174519,RSUmumMitraKeluargaKalideres,0,0,0,0,0,0,0,0,0,0,0,0,0,0,0,0,0,0,0,0,0,0,0,0,0,0,0,0,0,0,0,0,0,0,0,0,0,0,0,0,0,0,0,0,0,0,0,0,0,1,0,0,0,0,0,17,0,0,0,0,0,0,0,0,7,0,0,7,0,1,0,14,0,5,0,0,0,0,0,0,0,0,0,0,0,0,0,0,0,0,0,0,0,0,0,0,52,0,0,1,1,1,1,1,1,1,1,1,0,0,0,0,9
3173700,RSUmumDaerahCempakaPutih,0,0,0,0,29,0,0,0,8,0,0,4,0,1,42,13,1,1,0,0,1,1,0,1,1,0,0,0,0,0,2,0,0,0,0,0,0,0,0,0,0,0,0,0,0,2,0,0,0,0,0,0,1,0,0,2,0,0,0,2,0,0,18,0,0,3,6,2,0,0,0,5,0,4,0,0,0,0,0,0,1,0,0,0,0,2,0,0,0,0,0,2,0,1,0,0,72,1,1,0,0,1,1,1,0,0,1,0,0,1,1,0,8
3175413,RSUmumDaerahPademangan,0,0,0,0,20,0,0,0,7,2,0,5,1,2,37,11,2,2,1,1,0,1,0,1,0,1,0,0,0,0,2,0,0,0,0,0,0,0,0,0,0,1,0,0,0,2,0,0,0,0,0,0,1,0,0,2,0,0,0,2,0,0,0,0,0,2,7,5,0,1,0,8,0,3,0,0,0,0,0,0,0,0,0,0,0,0,0,0,0,0,0,0,0,0,0,0,56,1,1,0,1,1,1,1,0,0,1,1,1,1,1,0,11
3174517,RSUmumDaerahKecamatanKembangan,0,0,0,0,32,0,0,0,0,0,0,0,0,0,32,0,0,0,0,0,0,0,0,0,3,0,0,0,0,0,0,0,0,0,0,0,0,0,0,0,0,0,0,0,0,0,0,0,0,0,0,0,0,0,0,0,0,0,0,0,0,0,0,0,0,0,0,0,0,0,0,0,0,0,0,0,0,0,0,0,0,0,0,0,0,0,0,0,0,0,0,0,0,0,0,0,3,1,0,0,0,0,1,0,0,0,0,1,0,0,0,0,3
3171796,RSUmumPetukangan,0,2,2,3,5,0,1,1,5,1,0,5,1,0,26,5,5,1,1,0,0,1,0,0,0,0,0,0,0,0,5,0,0,0,0,0,0,0,0,0,0,1,0,0,0,5,0,1,0,0,0,0,0,0,0,0,3,0,0,2,0,2,0,0,3,1,9,2,0,0,0,0,0,3,0,0,0,0,3,0,0,4,0,0,0,0,0,0,0,0,0,0,0,0,0,0,57,0,0,0,0,0,0,0,0,0,0,0,0,0,0,0,0
3172765,RSUmumALFauzan,0,1,2,4,6,0,0,0,3,1,0,3,1,1,22,6,3,1,1,1,0,1,0,0,0,0,0,0,0,1,1,0,0,1,0,0,0,0,0,1,0,0,0,0,0,2,0,0,0,0,0,0,0,0,0,1,1,0,0,0,0,1,0,1,12,1,2,1,0,0,0,4,0,1,0,1,0,0,0,0,0,0,0,0,0,0,0,0,0,0,0,0,0,0,0,0,45,1,0,1,1,1,1,1,0,0,0,0,0,1,1,1,9
3175416,RSUmumDaerahTanjungPriok,0,0,0,0,27,0,0,0,9,0,0,0,0,1,37,0,0,0,0,0,0,0,0,0,0,0,0,0,0,0,0,0,0,0,0,0,0,0,0,0,0,0,0,0,0,0,0,0,0,0,0,0,0,0,0,0,0,0,0,0,0,0,0,0,0,0,0,0,0,0,0,0,0,0,0,0,0,0,0,0,0,0,0,0,0,0,0,0,0,0,0,0,0,0,0,0,0,1,1,1,1,0,1,1,0,0,1,1,1,1,1,0,11
3174525,RSUmumDaerahTamanSari,0,0,0,0,54,0,0,0,0,0,0,0,0,0,54,0,0,0,0,0,0,0,0,0,0,0,0,0,0,0,0,0,0,0,0,0,0,0,0,0,0,0,0,0,0,0,0,0,0,0,0,0,0,0,0,0,0,0,0,0,0,0,0,0,0,0,0,0,0,0,0,0,0,0,0,0,0,0,0,0,0,0,0,0,0,0,0,0,0,0,0,0,0,0,0,0,0,0,0,0,0,0,0,0,0,0,0,0,0,0,0,0,0
317541,RSMataPrimasana,1,2,6,6,12,0,0,0,0,0,0,2,3,0,32,2,0,0,0,0,0,0,0,4,0,0,0,0,0,0,0,0,0,0,0,0,0,0,0,0,0,0,0,0,0,0,0,0,0,0,0,0,0,0,0,1,3,0,0,0,0,0,9,0,0,1,2,0,0,0,0,1,3,2,0,0,0,0,0,0,0,0,0,0,0,0,0,0,0,0,0,0,0,0,0,0,28,1,0,0,0,0,1,1,0,0,1,0,1,1,0,0,6
3171800,RSUmumDaerahJatiPadang,0,0,0,0,48,0,0,0,5,1,0,5,1,1,61,9,1,1,0,1,0,0,0,0,0,1,0,0,0,0,0,0,0,0,0,0,0,0,0,0,0,0,0,0,0,2,0,0,0,0,0,0,0,0,0,0,0,0,0,1,0,0,24,0,15,3,2,2,0,1,0,6,0,1,0,0,0,0,0,0,0,0,0,0,0,0,1,0,0,1,0,0,0,0,0,0,72,1,1,0,0,0,1,1,0,0,1,1,1,1,1,0,9
3171801,RSUmumDaerahKebayoranBaru,0,0,0,0,36,0,0,0,5,1,0,4,1,1,48,12,1,1,1,0,0,1,0,0,0,0,0,0,0,0,1,0,0,0,1,0,0,0,0,0,0,0,0,0,0,2,0,0,0,0,0,0,0,0,0,1,0,0,0,1,0,0,23,0,0,3,4,2,0,1,0,2,0,2,0,0,0,0,0,0,0,0,0,0,0,1,0,0,0,1,0,2,0,1,0,0,64,1,1,0,0,0,1,1,0,0,1,1,0,1,1,0,8
3173707,RSGigiDanMulutYARSI,0,1,2,0,0,0,0,0,0,0,0,4,1,0,8,1,0,0,0,0,0,1,0,0,0,0,0,0,0,0,0,0,0,0,0,0,0,0,0,0,0,0,0,0,0,7,1,2,2,1,0,3,0,5,0,0,0,0,0,5,0,0,2,0,0,1,0,1,0,0,2,0,0,1,0,0,0,0,1,0,0,0,0,0,0,1,0,0,0,0,0,0,0,0,0,0,37,1,1,0,0,0,0,1,0,0,1,1,1,1,1,0,8
3171802,RSKhususBedahHalimun,0,0,0,0,0,0,0,0,0,0,0,0,0,0,0,0,0,0,0,0,0,0,0,0,0,0,0,0,0,0,0,0,0,0,0,0,0,0,0,0,0,0,0,0,0,0,0,0,0,0,0,0,0,0,0,0,0,0,0,0,0,0,0,0,0,0,0,0,0,0,0,0,0,0,0,0,0,0,0,0,0,0,0,0,0,0,0,0,0,0,0,0,0,0,0,0,0,0,0,0,0,0,0,0,0,0,0,0,0,0,0,0,0
3172769,RSUmumDrEUIS,0,0,0,0,0,0,0,0,0,0,0,0,0,0,0,0,0,0,0,0,0,0,0,0,0,0,0,0,0,0,0,0,0,0,0,0,0,0,0,0,0,0,0,0,0,0,0,0,0,0,0,0,0,0,0,0,0,0,0,0,0,0,0,0,0,0,0,0,0,0,0,0,0,0,0,0,0,0,0,0,0,0,0,0,0,0,0,0,0,0,0,0,0,0,0,0,0,0,0,0,0,0,0,0,0,0,0,0,0,0,0,0,0
3172770,RSIbudanAnakAlverniaAgusta,0,0,0,0,0,0,0,0,0,0,0,0,0,0,0,0,0,0,0,0,0,0,0,0,0,0,0,0,0,0,0,0,0,0,0,0,0,0,0,0,0,0,0,0,0,0,0,0,0,0,0,0,0,0,0,0,0,0,0,0,0,0,0,0,0,0,0,0,0,0,0,0,0,0,0,0,0,0,0,0,0,0,0,0,0,0,0,0,0,0,0,0,0,0,0,0,0,0,0,0,0,0,0,0,0,0,0,0,0,0,0,0,0
3271104,RSUmumDaerahKotaBogor,0,6,32,12,224,7,0,0,0,7,0,4,4,16,312,24,7,7,4,3,1,3,2,3,1,2,2,0,0,1,4,0,2,3,3,0,0,0,3,2,4,8,0,0,8,5,1,1,0,0,0,0,0,1,0,15,6,0,0,4,0,0,301,0,43,7,37,11,0,0,0,21,0,9,0,0,0,0,0,0,2,4,0,0,0,2,0,0,0,1,0,0,2,8,0,0,578,1,1,1,1,1,1,1,1,0,0,1,1,1,1,0,12
3271126,RSUmumBogorMedicalCentre,13,35,17,6,16,4,0,0,0,0,0,0,0,0,91,13,4,4,3,1,1,6,4,2,2,1,2,0,0,0,4,0,1,2,3,0,1,0,0,0,4,0,1,0,2,5,1,0,0,0,0,0,0,0,0,0,0,0,0,4,0,0,182,0,0,2,25,0,0,0,0,0,0,6,0,0,0,0,1,0,0,0,1,0,0,0,0,0,0,1,0,1,1,6,0,0,297,1,1,1,1,1,1,1,0,0,1,1,1,1,1,0,12
3271164,RSUmumMuliaPajajaran,9,18,16,25,31,0,0,0,12,3,3,7,3,0,127,11,5,7,3,3,1,2,1,1,3,1,2,0,0,1,7,0,1,3,1,0,0,1,0,0,4,3,1,0,0,8,1,0,0,0,0,0,0,0,0,5,4,0,0,2,0,2,20,0,2,2,7,4,0,0,0,8,0,1,0,0,0,0,0,0,0,7,0,0,0,0,0,0,0,0,0,1,0,4,0,1,141,1,1,1,1,1,1,1,0,0,1,1,1,1,1,0,12
3201218,RSUmumIslamBogor,1,16,16,25,76,0,0,0,0,1,0,7,2,4,148,11,3,3,4,1,0,2,0,1,2,1,1,0,0,0,2,0,0,1,1,0,0,0,0,0,3,0,1,0,0,4,1,0,0,0,0,0,0,1,0,0,0,0,0,2,0,0,63,0,0,2,0,23,0,0,0,2,0,3,0,0,0,0,0,0,0,0,0,0,0,0,0,0,0,1,0,1,0,1,0,0,141,0,0,0,0,0,1,0,0,0,1,0,0,1,1,0,4
3271013,RSUmumPMIBogor,17,40,67,49,78,8,0,20,10,0,3,29,6,9,336,16,4,4,3,2,1,3,2,4,2,1,2,0,0,0,4,0,2,2,2,0,1,0,1,0,3,0,1,1,2,4,1,0,0,1,0,0,0,0,0,0,0,0,0,0,0,0,0,0,0,32,0,10,0,0,0,0,0,4,0,5,0,0,0,0,0,0,0,0,0,0,0,0,1,1,2,0,0,0,0,0,124,1,1,1,1,1,1,1,0,0,1,1,1,1,1,1,13
3201251,RSUmumSiloamHospitalsBogor,6,6,14,10,14,3,0,2,0,3,0,0,3,2,63,9,5,3,3,3,1,2,1,0,2,1,1,1,0,0,6,1,2,1,1,0,0,0,2,1,3,0,1,1,0,4,1,1,0,0,0,1,0,0,0,18,5,0,0,0,0,0,0,0,7,7,11,3,0,1,2,6,1,3,0,0,0,0,0,0,0,0,0,0,0,0,0,0,0,1,0,0,2,4,0,0,129,1,1,1,1,1,1,1,1,0,1,1,1,1,1,0,13
3271115,RSUmumHerminaBogor,13,15,25,18,24,2,3,5,0,0,0,5,6,1,117,20,21,3,3,1,3,7,1,4,5,0,2,0,1,2,18,0,1,2,3,1,1,1,1,0,2,0,0,1,6,3,0,0,0,0,0,0,0,0,0,0,0,0,0,0,0,0,0,0,0,8,0,0,0,0,0,0,0,0,0,0,0,0,0,0,0,0,0,0,0,0,0,0,0,0,0,0,0,0,0,0,121,1,1,1,1,1,1,1,0,1,1,1,1,1,1,1,14
3201236,RSUmumMedikaDramaga,9,10,12,23,30,1,0,0,6,3,0,7,8,4,113,12,6,4,2,1,1,2,1,2,1,1,1,0,0,0,4,0,1,1,0,0,0,0,0,1,2,1,0,0,1,7,1,0,0,0,0,0,0,0,0,12,0,0,0,3,0,0,0,0,0,6,12,0,0,0,0,0,0,0,2,0,0,0,0,0,0,0,0,0,0,0,0,0,0,0,0,0,0,0,0,0,88,1,1,1,1,1,1,1,0,0,1,1,1,1,1,0,12
3271163,RSUmumVania,14,4,10,8,17,1,0,0,4,1,0,7,2,1,69,8,1,3,1,2,2,1,1,2,1,1,1,0,0,0,2,0,0,1,1,0,0,0,0,0,2,1,0,0,0,5,0,0,0,0,0,0,0,0,0,7,4,0,0,1,0,0,29,2,2,2,0,4,0,0,0,4,0,7,0,0,0,0,0,0,0,0,0,0,0,0,1,0,0,0,0,1,2,2,0,0,104,1,1,1,1,1,1,1,0,0,1,1,1,1,1,0,12
3271046,RSJiwadrHMarzoekiMahdi,13,18,76,185,333,4,0,0,14,45,0,10,4,5,707,22,3,4,1,2,2,2,2,1,2,0,1,0,0,1,3,1,0,0,1,0,0,0,0,16,1,2,0,0,1,2,1,1,0,0,0,1,0,1,0,31,0,0,0,4,0,0,442,0,19,8,1,7,0,2,1,14,1,21,0,0,0,0,0,0,0,0,0,0,0,0,0,0,0,2,2,12,0,4,0,0,645,1,1,1,1,1,1,1,0,1,1,1,1,1,1,0,13
3271072,RSUmumAzra,4,42,12,12,21,5,1,2,18,0,0,5,2,1,125,8,1,1,1,0,0,1,0,0,0,0,0,0,0,0,2,0,0,0,0,0,0,0,0,0,1,0,0,0,0,0,0,0,0,0,0,0,0,0,0,70,0,0,0,3,0,0,0,0,0,3,0,3,0,0,0,10,0,1,0,0,0,0,0,0,0,0,0,0,0,0,3,0,0,0,2,1,0,4,2,0,117,1,1,1,1,1,1,1,0,0,1,1,1,1,1,0,12
3271161,RSUmumMelania,2,7,30,11,17,1,1,1,10,3,0,7,1,1,92,11,7,3,3,1,0,4,0,2,1,1,2,0,0,0,7,0,1,1,1,0,0,0,0,1,1,0,0,0,0,5,0,1,0,0,0,0,0,0,0,3,4,0,0,1,0,0,0,2,0,2,12,2,0,0,0,6,0,0,0,0,0,0,0,0,0,0,0,0,0,0,0,0,0,1,1,0,0,4,2,0,93,1,1,1,1,1,1,0,0,0,1,0,0,0,1,0,8
3201241,RSUmumUmmi,1,2,2,4,6,0,2,2,11,0,0,3,3,0,36,9,8,1,1,1,0,2,0,2,1,0,1,0,0,0,7,0,0,0,0,0,0,0,0,0,1,0,0,0,0,6,0,0,0,0,0,0,0,0,0,0,0,0,0,0,0,0,0,0,0,11,0,3,0,0,0,6,0,4,0,0,0,0,0,0,0,0,0,0,0,0,0,0,0,0,0,0,0,0,0,0,64,1,1,1,1,0,0,0,0,0,0,0,0,0,1,0,5
3271024,RSUmumSalak,0,9,29,56,80,3,0,0,19,6,0,11,3,5,221,12,1,0,1,0,0,0,0,0,0,0,0,0,0,0,0,0,0,0,0,0,0,1,0,0,0,0,0,0,0,5,0,0,0,2,0,0,0,0,0,1,2,0,0,1,0,0,130,0,2,1,0,5,0,0,0,0,4,0,2,0,0,0,0,0,0,0,0,0,0,3,0,0,0,1,0,0,2,3,0,0,179,1,1,1,1,1,1,1,0,0,0,0,0,1,1,0,9
3271162,RSBersalinPasutri,1,3,4,7,10,0,0,0,26,1,0,3,2,3,60,4,4,0,0,0,0,3,0,0,0,0,0,0,0,0,2,0,0,0,0,0,0,0,0,0,0,0,0,0,0,5,0,0,0,0,0,0,0,0,0,0,2,0,0,0,0,3,0,0,0,1,0,0,0,0,0,1,0,3,0,0,0,0,0,0,0,0,0,0,0,0,0,0,0,1,0,0,0,0,0,0,29,1,1,1,1,1,1,0,0,0,1,0,1,0,1,0,9
3201240,RSUmumJuliana,0,2,4,15,7,0,0,2,6,1,0,2,3,1,43,11,7,1,2,1,0,2,0,0,0,0,0,0,0,0,2,0,0,0,0,0,0,0,0,0,0,0,0,0,1,3,0,0,0,0,0,0,0,0,0,0,6,0,0,0,0,1,5,0,2,5,0,2,0,0,0,4,0,1,0,0,0,0,0,0,0,0,0,0,0,0,0,0,0,1,0,0,1,1,0,0,59,1,1,1,1,1,1,1,0,0,1,1,1,1,1,0,12
3201243,RSIbudanAnakSawojajar,1,2,2,10,10,0,0,0,0,1,0,1,1,0,28,2,2,1,1,0,0,1,0,0,0,0,0,0,0,0,1,0,0,0,0,0,0,0,0,0,0,0,0,0,0,0,0,0,0,0,0,0,0,0,0,0,2,0,0,0,0,0,5,0,0,1,0,0,0,0,0,0,0,1,0,0,0,0,0,0,0,0,0,0,0,0,0,0,0,1,0,1,0,0,0,0,19,1,1,1,1,0,1,0,0,0,0,0,0,0,1,0,6
3271166,RSUmumBhayangkaraTkIVBogor,0,0,1,4,10,1,0,0,5,0,0,3,1,2,27,5,1,1,1,0,0,1,0,0,0,0,0,0,0,0,0,0,0,0,0,1,0,0,0,0,0,0,0,0,0,3,0,0,0,0,0,0,0,0,0,2,1,0,0,1,0,0,8,0,0,1,2,1,0,0,0,1,0,1,0,0,0,0,0,0,0,0,0,0,0,0,0,0,0,0,0,1,0,0,0,0,32,1,1,1,1,1,1,1,0,0,0,1,1,1,1,0,11
3201126,RSUmumHerminaDepok,10,26,32,40,15,1,2,4,16,0,0,10,3,0,159,12,25,9,9,2,2,6,1,4,4,1,2,0,1,0,29,0,2,0,5,0,2,0,1,2,5,0,1,0,8,5,0,0,0,4,0,2,0,0,0,26,29,0,0,5,0,15,0,3,5,7,35,7,0,0,0,0,0,5,0,0,0,0,0,0,0,35,0,0,0,0,0,0,0,1,2,2,0,8,2,0,331,1,1,1,1,1,1,1,0,1,1,0,1,1,1,1,13
3201061,RSUmumTuguIbu,4,5,18,44,42,2,0,0,10,3,0,6,2,4,140,18,4,4,3,4,1,4,1,3,2,1,2,0,0,0,3,0,0,1,2,0,1,0,0,0,3,0,0,0,0,0,0,0,0,0,0,0,0,0,0,0,0,0,0,0,0,0,0,0,18,2,12,0,0,0,0,0,0,4,0,0,0,0,0,0,0,0,0,0,0,0,0,0,0,0,0,0,0,0,0,0,93,1,0,1,1,1,1,1,1,0,0,1,1,0,1,0,10
3201185,RSUmumMeilia,2,23,31,45,68,15,2,3,20,3,0,16,5,4,237,25,20,5,3,4,2,8,4,3,6,2,3,0,2,1,23,0,2,2,4,0,0,3,2,2,3,5,1,1,12,3,2,1,1,0,0,3,1,1,0,23,22,0,0,4,0,23,0,2,20,11,31,8,0,1,0,24,0,22,0,0,0,0,0,0,0,0,0,0,0,0,0,0,0,1,6,0,2,6,4,0,370,1,1,1,1,1,1,1,0,1,1,1,1,1,1,1,14
3276041,RSUmumGrhaPermataIbu,7,7,26,41,2,2,1,2,4,15,2,0,8,2,119,13,4,3,2,2,2,3,3,2,1,1,2,0,0,0,5,0,0,1,2,0,0,0,1,1,2,0,0,0,1,5,1,1,0,0,0,1,1,0,0,0,0,0,0,4,0,0,0,0,0,1,0,6,0,1,0,0,0,6,0,0,0,0,0,0,0,0,0,0,0,0,0,0,0,1,1,3,0,6,1,0,90,1,1,1,1,1,1,1,0,0,1,1,1,1,1,1,13
3201035,RSUmumBhaktiYudha,0,25,20,46,21,5,0,0,6,0,0,14,2,2,141,18,5,4,2,2,1,2,3,3,2,1,2,0,0,0,3,0,0,1,1,1,1,0,0,1,2,1,0,0,0,7,1,1,0,0,0,0,0,0,0,141,0,0,0,4,0,0,0,0,0,3,21,5,0,1,0,11,0,3,0,0,0,0,0,0,0,0,0,0,0,0,4,0,0,0,2,7,0,4,4,0,275,1,1,1,1,1,1,1,0,1,1,1,1,1,1,0,13
3276146,RSUmumHasanahGrahaAfiah,3,16,24,23,31,3,0,3,20,2,0,8,2,5,140,19,11,3,3,1,1,3,2,2,2,1,2,0,1,1,9,0,0,1,2,0,0,0,1,1,2,0,0,1,0,7,0,0,0,0,0,0,0,0,0,20,11,0,0,1,0,0,111,0,0,2,20,6,5,1,0,15,0,3,0,0,0,0,0,0,0,0,0,0,0,0,2,0,0,2,4,4,0,5,4,0,292,1,1,1,1,1,1,1,0,1,1,1,1,1,1,0,13
3276017,RSUmumSentraMedika,2,15,25,58,80,6,2,3,15,6,2,14,8,6,242,17,5,5,4,2,1,2,4,1,3,1,2,0,0,1,3,0,2,3,2,0,1,0,0,1,2,1,1,0,2,4,1,0,0,0,0,0,0,1,0,28,18,0,0,3,0,28,171,0,17,7,41,10,0,0,0,16,0,25,0,0,0,0,0,0,0,0,0,0,0,0,0,0,0,1,1,5,0,5,0,0,448,1,1,1,1,1,1,1,1,0,0,1,1,1,1,0,12
3276028,RSUmumMitraKeluargaDepok,3,27,54,39,50,7,0,2,0,0,7,6,3,5,203,16,4,4,3,3,3,3,3,4,2,2,2,0,0,3,6,0,2,0,2,0,1,0,2,0,2,0,1,1,0,3,1,1,0,0,0,1,1,0,0,10,0,0,0,0,0,0,282,0,0,9,0,11,0,1,0,25,0,9,0,3,0,0,0,0,0,0,0,0,0,0,1,0,0,0,1,0,0,8,1,0,437,1,1,1,1,1,1,1,0,1,1,1,1,1,1,1,14
3201013,RSUmumHarapanDepok,0,0,12,23,16,0,0,0,2,1,0,5,1,1,61,8,1,1,1,1,0,1,0,0,0,0,0,0,0,0,1,0,0,0,1,0,0,0,0,0,1,0,0,0,0,1,1,0,0,1,0,0,0,0,0,0,0,0,0,0,0,0,10,0,7,2,3,3,0,0,0,0,0,0,0,0,0,0,0,0,0,0,0,0,0,0,0,0,0,1,0,1,0,0,0,1,47,1,1,1,1,0,1,1,0,0,0,1,1,0,1,0,9
3201072,RSUmumPuriCinere,8,39,14,24,27,4,1,8,11,3,0,0,0,2,141,13,2,2,0,0,1,2,0,0,0,0,0,0,0,0,2,0,0,0,0,0,0,0,0,0,1,1,0,0,8,1,0,0,0,2,0,0,0,0,0,24,0,0,0,0,0,0,215,12,0,1,10,9,0,1,0,12,2,4,0,0,0,0,0,0,0,0,0,0,0,0,0,0,0,0,0,0,0,0,0,0,325,1,1,1,1,1,1,1,0,1,1,0,0,1,1,0,11
3201196,RSUmumBundaMargonda,2,16,13,24,10,5,2,14,10,2,0,5,2,2,107,10,12,4,2,2,1,3,1,1,3,0,1,0,1,2,6,0,2,2,0,0,1,0,0,0,1,0,1,0,0,7,1,0,0,2,0,2,0,1,0,5,10,0,0,3,0,15,50,0,0,3,30,8,0,0,0,0,0,4,0,0,0,0,0,0,0,15,0,0,0,0,0,0,0,1,0,3,0,6,0,0,222,1,0,1,1,0,1,1,1,0,0,1,1,0,1,0,9
3276124,RSUmumDaerahKotaDepok,0,0,0,4,65,0,0,0,9,0,0,9,2,4,93,18,2,2,2,1,0,2,0,1,1,0,1,1,0,0,4,0,0,0,1,0,0,0,0,1,1,0,0,0,1,1,1,0,0,0,0,0,0,0,0,1,0,0,0,3,0,0,65,0,0,4,5,7,0,1,1,8,8,0,10,0,0,0,0,0,0,0,0,0,0,0,1,0,0,0,0,5,0,1,0,0,161,1,1,0,1,1,1,1,0,0,0,1,0,1,1,0,9
3276135,RSUmumSimpanganDepok,0,2,9,17,15,0,0,0,12,4,0,3,1,2,65,7,3,3,1,2,1,2,0,2,1,0,1,0,0,0,2,0,0,0,1,0,0,0,0,0,1,0,0,0,0,4,0,0,0,0,0,0,0,0,0,1,9,0,0,2,0,0,73,0,0,1,10,3,0,0,0,1,0,3,0,0,0,0,0,0,0,0,0,0,0,0,1,0,0,0,0,1,1,0,0,0,137,1,1,1,1,1,1,1,0,0,1,1,0,0,1,0,10
3276039,RSUmumBhayangkaraBrimob,0,2,6,9,32,3,0,0,26,0,0,9,2,1,90,19,3,2,1,1,0,1,1,1,2,0,1,0,0,1,2,0,0,0,1,0,0,0,0,2,1,1,0,0,0,3,0,0,0,0,0,0,1,1,0,6,0,0,0,3,0,0,53,0,0,1,8,3,0,0,1,6,0,2,0,0,0,0,0,0,0,0,0,0,0,0,0,0,0,0,0,3,0,3,0,0,134,1,1,1,1,1,1,1,0,0,0,1,1,1,1,0,11
3276150,RSJantungDiagram,1,5,10,4,7,5,0,0,0,0,0,4,1,1,38,3,1,1,1,1,1,2,9,0,0,1,1,1,0,0,0,0,0,0,0,0,0,0,0,0,1,0,0,0,4,0,0,0,0,0,0,0,0,0,0,13,2,0,0,0,0,0,27,0,0,2,4,5,0,1,0,5,0,1,0,0,0,0,0,1,0,0,0,0,0,0,0,0,0,0,0,0,0,0,0,0,88,1,1,1,0,0,1,1,0,0,1,1,1,1,1,0,10
3276151,RSUmumPermataDepok,2,8,24,20,30,6,5,6,6,3,0,5,2,1,118,10,8,5,3,1,1,6,1,2,1,1,1,0,0,0,8,0,1,2,1,0,0,0,0,0,1,1,0,0,3,0,4,1,0,0,0,1,0,0,0,13,7,0,0,1,0,0,53,0,0,6,0,4,0,0,0,11,0,6,0,0,0,0,4,0,0,0,0,0,0,0,1,0,0,0,1,1,1,4,1,0,177,1,1,1,1,1,1,1,0,0,0,1,1,1,1,0,11
3276152,RSUmumCitraMedikaDepok,2,4,12,11,9,2,2,2,16,2,0,7,2,6,77,7,4,2,2,1,0,2,0,1,2,1,1,0,0,0,2,0,0,0,1,0,1,0,0,1,1,0,0,0,0,4,0,0,0,0,0,0,0,0,0,5,2,0,0,2,0,0,19,0,0,2,8,3,3,0,0,4,0,5,0,0,0,0,0,0,0,0,0,0,0,0,1,0,0,1,0,1,0,2,0,0,91,1,1,1,1,1,1,1,0,0,1,1,1,1,1,0,12
3201141,RSIbudanAnakTumbuhKembang,2,6,8,14,25,0,0,8,8,1,0,4,2,5,83,5,6,2,1,1,0,2,0,1,1,0,0,0,1,0,7,0,0,0,1,0,0,0,0,0,0,4,0,0,2,6,0,0,0,0,0,1,0,0,0,30,0,0,0,0,0,0,0,0,1,2,9,3,0,0,0,8,0,13,0,0,0,0,0,0,0,3,0,0,0,0,0,0,0,0,0,0,0,3,0,0,113,0,0,0,0,0,1,1,0,0,0,1,1,1,1,0,6
3276147,RSIbudanAnakAsyifa,0,3,6,16,8,2,0,0,12,0,2,5,2,1,57,4,3,1,1,1,0,1,0,0,1,0,0,0,0,0,3,0,0,0,0,0,0,0,0,0,0,0,0,0,0,2,0,0,0,0,0,0,0,0,0,0,2,0,0,0,0,2,17,0,0,1,9,3,0,1,8,0,1,0,0,0,0,0,0,0,0,0,0,0,0,0,5,0,0,1,0,1,0,0,0,0,68,1,1,1,1,1,1,0,0,0,1,0,1,1,1,0,10
32761495,RSIbudanAnakSetyaBhakti,0,0,1,10,11,0,0,1,7,1,0,5,2,3,41,5,3,1,1,1,0,1,0,0,0,0,0,0,0,0,2,0,0,0,0,0,0,0,0,0,0,0,0,0,0,1,0,0,0,0,0,0,0,0,0,3,0,0,0,0,0,0,16,0,18,2,8,1,0,1,0,5,0,1,0,0,0,0,0,0,0,0,0,0,0,0,0,0,0,1,0,1,0,1,0,0,73,1,1,1,1,1,1,0,0,0,1,1,1,1,1,0,11
3276153,RSIbudanAnakCitraArafiq,0,1,4,7,14,3,3,3,5,0,0,3,2,1,46,4,3,0,0,1,0,2,0,0,0,0,0,0,0,0,2,0,0,0,0,0,0,0,0,0,0,0,0,0,0,4,0,1,0,0,0,0,0,0,0,12,0,0,0,2,0,0,5,0,13,1,5,1,0,0,0,0,0,1,0,0,0,0,0,0,0,0,0,0,0,1,0,0,0,1,0,1,0,0,0,0,60,1,1,1,1,1,1,1,0,0,1,1,1,1,1,0,12
3276154,RSIbudanAnakBundaAliyah,2,6,10,16,20,2,3,5,15,0,0,8,3,1,91,6,8,1,1,1,0,3,0,0,0,1,0,0,0,0,5,0,0,0,0,0,0,0,0,0,0,0,0,0,0,1,1,2,0,0,0,1,1,0,0,8,4,0,0,2,0,0,18,1,0,3,0,2,0,0,0,5,0,3,0,0,0,0,0,0,0,0,0,0,0,0,0,0,0,1,1,0,1,2,0,0,83,1,1,1,1,1,1,1,0,0,1,1,1,1,1,0,12
3603010,RSUmumDaerahKabupatenTangerang,0,25,38,128,197,23,0,4,10,9,0,20,14,8,476,42,5,5,1,3,2,5,1,3,3,2,2,1,1,1,8,1,1,2,3,3,2,0,0,2,2,5,9,2,12,4,1,1,1,0,0,0,0,1,0,37,65,0,0,4,0,30,464,0,75,17,34,13,0,21,35,0,12,0,7,3,3,0,0,0,0,0,0,0,0,13,3,0,0,0,0,7,0,9,0,0,989,1,1,1,1,1,1,1,0,1,1,1,1,1,1,1,14
3671065,RSEMCTangerang,0,19,86,122,64,27,0,0,20,8,0,4,0,10,360,25,12,8,6,3,2,5,5,2,3,1,3,0,0,0,7,0,0,0,0,0,0,0,1,3,4,2,0,0,0,0,0,0,0,0,0,0,0,0,0,0,0,0,0,0,0,0,0,0,0,35,0,0,0,0,0,0,0,0,0,0,0,0,0,0,0,0,0,0,0,0,0,0,0,0,0,0,0,0,0,0,127,0,0,0,0,0,0,0,0,0,0,0,0,0,0,0,0
3671080,RSMayapada,4,30,34,43,32,6,0,0,10,4,0,10,4,2,179,30,8,8,4,2,1,4,5,5,3,1,2,1,1,4,7,0,2,4,3,0,0,0,0,2,4,0,3,2,4,7,1,1,0,0,0,0,0,1,0,67,0,0,0,2,0,0,179,0,0,9,32,8,0,1,0,23,0,10,0,0,0,0,0,0,0,54,0,0,0,0,0,0,0,2,1,6,0,5,1,0,520,1,0,1,1,1,1,1,1,1,1,0,0,1,1,1,12
3671043,RSSariAsihKarawaci,0,10,18,53,40,5,0,4,1,0,0,1,3,4,139,12,6,4,3,2,1,6,1,3,4,1,2,1,1,0,5,0,1,2,2,0,0,0,0,0,3,0,1,1,1,81,0,0,0,0,0,0,0,0,0,2,0,0,0,0,0,0,187,0,0,4,20,9,0,0,0,13,0,4,0,0,0,0,0,0,0,0,0,0,0,0,0,0,0,0,1,0,0,3,0,0,387,1,1,1,1,1,1,1,0,1,1,1,1,1,1,1,14
3671146,RSUmumBhaktiAsih,4,10,39,74,40,3,0,0,8,3,0,8,2,2,193,17,6,6,2,1,0,2,1,2,3,1,2,0,0,1,5,0,0,0,0,0,0,0,0,1,3,0,0,0,2,3,1,0,0,1,0,1,0,0,0,116,0,0,0,0,0,0,0,0,0,4,9,9,0,0,0,0,0,0,0,0,0,0,0,0,0,0,0,0,0,0,0,0,0,1,0,6,1,0,0,0,207,1,1,1,1,0,1,1,0,0,1,0,0,1,1,0,9
3671203,RSAwalBros,3,51,39,70,28,3,1,9,12,3,2,8,3,2,234,17,5,4,2,2,2,3,2,3,2,1,2,1,2,0,3,0,3,3,4,0,0,0,0,1,3,0,1,1,3,2,1,3,0,0,0,2,1,0,0,80,20,0,0,2,0,0,113,0,60,12,75,10,0,3,0,22,0,9,0,0,0,0,0,0,0,0,0,0,2,0,2,0,0,0,0,0,0,7,0,0,496,1,1,1,1,1,1,1,1,1,1,1,1,1,1,1,15
3671205,RSSariAsihCiledug,3,12,38,75,27,6,0,3,12,0,0,7,2,2,187,13,4,2,2,2,5,3,2,5,3,1,2,0,0,0,5,0,1,2,2,0,0,0,0,1,3,0,1,2,2,2,2,1,0,0,0,0,0,1,0,6,0,0,0,0,0,0,170,0,0,1,22,8,0,1,0,13,0,3,0,0,0,0,0,0,0,22,0,0,4,0,1,0,2,1,2,3,0,5,0,0,333,1,1,1,1,1,1,1,0,0,1,1,1,1,1,0,12
3671126,RSUmumAminah,0,0,20,35,44,1,0,0,2,1,0,0,2,4,109,15,2,3,2,2,0,2,1,0,1,1,1,0,0,0,5,0,0,1,1,0,0,0,0,0,2,0,0,0,1,5,0,1,0,0,0,0,0,0,0,2,5,0,0,2,0,3,79,0,7,1,16,6,0,0,0,10,0,1,0,0,0,0,0,0,0,0,0,0,0,0,1,0,0,1,0,1,10,0,0,0,191,1,1,1,1,1,1,1,0,0,1,1,1,1,1,0,12
3671135,RSmulay,1,5,8,16,24,1,0,2,19,2,0,12,2,4,96,10,4,3,2,1,0,3,1,1,4,1,1,0,0,2,4,0,0,1,2,0,0,0,0,0,2,1,1,0,0,6,0,1,0,2,0,0,0,0,0,0,0,0,0,0,0,0,0,0,0,3,0,4,0,1,0,8,0,3,0,0,0,0,0,0,0,0,0,0,0,0,0,0,0,1,0,0,0,2,0,0,75,1,1,0,1,1,1,1,0,0,1,1,1,1,1,0,11
3671136,RSumumherminatangerang,0,21,8,12,20,3,2,3,15,2,0,6,2,6,100,15,13,5,3,3,2,4,0,2,3,2,2,0,0,0,18,0,2,2,3,0,0,0,1,1,2,1,0,0,5,1,1,2,0,0,0,2,1,1,0,0,0,0,0,0,0,0,166,0,0,3,16,2,0,1,2,1,0,1,0,0,0,0,0,0,0,0,0,0,0,0,0,0,0,1,4,0,0,7,5,0,306,1,1,1,1,1,1,1,0,0,1,1,1,1,1,1,13
3671208,RSumudaerahkoratangerang,0,0,0,0,167,4,3,3,16,7,0,16,3,0,219,20,7,3,4,3,2,6,2,2,3,3,3,0,0,0,4,1,2,2,2,0,0,0,1,3,2,0,1,0,1,1,2,0,0,0,2,3,0,1,0,24,0,0,0,10,0,0,159,0,35,8,15,8,0,6,0,14,0,6,2,0,0,0,0,0,0,0,0,0,1,0,0,0,0,0,2,1,5,2,4,2,390,1,1,0,1,1,1,1,0,1,1,1,1,1,1,1,13
3671210,RSpermataibu,1,9,10,30,29,3,0,0,9,0,0,5,2,4,102,9,5,3,2,1,0,2,0,0,0,1,0,0,0,0,6,0,0,0,1,0,0,0,0,0,2,0,0,0,1,4,0,0,0,0,0,0,0,1,0,0,0,0,0,0,0,0,0,0,0,7,0,2,0,0,0,0,0,7,0,0,0,0,0,0,0,0,0,0,0,3,0,0,0,2,0,2,0,0,0,0,61,1,1,1,1,1,1,1,0,0,1,1,1,1,1,0,12
3671032,RSkustaDrSitanala,0,10,20,29,126,5,0,0,10,0,0,18,4,17,239,28,3,4,3,2,1,5,0,2,0,2,1,0,0,0,3,0,0,1,2,1,0,0,1,0,1,1,0,1,0,3,0,1,0,0,0,0,0,1,0,2,9,2,0,0,2,0,150,0,2,6,0,3,0,2,0,4,1,5,2,0,0,0,0,0,0,0,0,0,0,67,3,0,0,2,1,6,0,6,2,0,344,1,1,1,1,1,1,1,0,1,1,1,1,1,1,0,13
3671076,RSannisa,0,4,8,48,40,7,0,4,0,0,0,8,3,0,122,14,6,2,2,1,0,3,0,2,2,1,1,0,0,0,5,0,1,3,2,0,0,0,0,0,1,0,0,0,0,5,0,0,0,0,0,0,0,0,0,100,0,0,0,0,0,0,0,118,0,3,10,5,2,0,0,9,0,5,0,0,0,0,0,0,0,0,0,0,0,0,1,0,0,0,1,0,0,0,0,0,305,1,1,1,1,1,1,1,0,0,0,0,0,0,1,0,8
3671124,RSmelatin,4,4,13,19,27,1,0,0,13,4,0,5,3,3,96,12,5,2,1,1,2,1,1,0,3,0,1,1,1,0,3,0,0,1,1,0,0,0,0,1,0,0,0,0,0,1,0,0,0,0,0,0,0,0,0,10,6,0,0,0,0,12,41,3,17,1,12,3,0,0,0,6,0,3,0,0,0,0,0,0,0,0,0,0,0,7,0,0,0,1,0,2,0,2,0,1,165,1,1,1,1,1,1,1,0,0,0,0,0,1,1,0,9
3671082,RSislamsariasihArRahman,0,0,0,0,37,2,0,0,6,1,0,5,0,2,53,8,1,2,2,1,0,3,0,0,0,0,1,0,0,0,1,0,0,0,0,0,0,0,0,0,1,0,0,0,0,1,0,0,0,0,0,0,0,0,0,0,6,1,8,2,0,0,0,3,0,3,0,0,0,0,0,0,0,0,0,0,0,0,0,0,0,0,0,0,0,0,0,0,0,1,0,0,0,0,0,0,45,1,1,1,1,1,1,1,0,0,1,0,0,1,1,0,10
3671204,RSariyamedika,0,4,4,19,76,1,0,0,26,0,0,7,1,1,139,16,3,2,2,1,0,1,0,0,0,1,1,1,0,0,3,0,0,2,1,0,0,0,0,1,0,0,0,0,0,2,0,0,0,0,0,0,0,0,0,0,0,0,0,1,0,0,0,0,0,8,0,5,0,0,0,3,0,2,0,0,0,0,0,0,0,0,0,0,0,0,0,0,0,0,0,0,0,0,0,0,56,1,0,0,0,1,1,0,0,0,0,0,0,0,1,0,4
3671207,RSdinda,0,1,8,24,31,1,0,0,15,0,0,7,1,4,92,10,5,3,1,1,0,2,0,0,1,0,1,0,0,0,3,0,0,1,0,0,0,0,0,0,1,0,0,0,0,0,0,0,0,0,0,0,0,0,0,2,0,0,0,0,0,0,0,0,0,1,3,2,0,0,0,0,0,2,0,0,0,0,0,0,0,0,0,0,0,0,0,0,0,1,0,0,0,0,0,0,40,0,0,0,0,0,0,0,0,0,0,0,0,0,0,0,0
3671209,RSsariasihsangiang,0,5,18,42,32,4,0,0,5,0,0,8,2,0,116,5,4,2,3,2,0,2,0,2,1,2,0,0,0,0,3,0,4,1,1,0,0,0,0,0,1,3,1,0,0,3,0,0,0,0,0,0,0,0,0,0,0,0,0,0,0,0,0,0,0,11,0,0,0,0,0,0,0,5,0,0,0,0,0,0,0,0,0,0,0,0,0,0,0,0,0,0,0,0,0,0,56,0,0,0,0,0,0,0,0,0,0,0,0,0,0,0,0
3671211,RSAqidah,0,5,12,13,16,2,0,0,5,2,0,5,2,1,63,8,3,1,1,1,0,1,0,0,1,1,1,0,0,0,3,0,0,0,0,0,0,0,0,0,1,0,0,0,0,6,0,0,0,0,0,0,0,0,0,9,0,0,0,0,0,0,33,1,3,2,0,4,0,0,0,7,0,0,0,0,0,0,0,0,0,0,0,0,0,1,1,0,0,1,0,1,1,2,0,0,94,1,1,1,1,1,1,1,0,0,1,1,1,1,1,0,12
3671021,RSDaanMogot,0,1,12,15,26,0,0,0,2,4,0,6,1,4,71,9,3,3,1,1,0,1,0,1,0,1,0,0,0,0,2,0,0,0,0,0,0,0,0,0,0,0,0,0,0,2,0,0,0,0,0,0,0,0,0,1,1,0,0,2,0,0,46,2,21,2,0,4,0,0,0,6,0,1,0,0,0,0,1,0,0,2,0,0,1,1,0,0,0,1,0,0,2,3,0,0,121,1,1,1,1,1,1,1,0,0,1,1,1,0,1,0,11
3671091,RSibudananakkeluargaibu,0,0,0,0,25,0,0,0,0,0,0,0,0,0,25,0,0,0,0,0,0,0,0,0,0,0,0,0,0,0,0,0,0,0,0,0,0,0,0,0,0,0,0,0,0,0,0,0,0,0,0,0,0,0,0,0,0,0,0,0,0,0,0,0,0,0,0,0,0,0,0,0,0,0,0,0,0,0,0,0,0,0,0,0,0,0,0,0,0,0,0,0,0,0,0,0,0,0,0,0,0,0,0,0,0,0,0,0,0,0,0,0,0
3671202,RSibudananakmutiarabunda,2,9,7,12,18,0,0,0,4,3,0,3,1,1,60,8,4,1,1,1,0,1,0,0,0,0,0,0,0,0,2,0,0,0,0,0,0,0,0,0,0,0,0,0,0,2,1,0,0,0,0,0,0,0,0,1,0,0,0,0,0,13,0,0,17,2,8,1,0,0,0,5,2,0,0,0,0,0,0,0,0,0,0,0,0,0,0,0,0,1,0,1,0,1,0,0,73,1,1,1,1,1,1,1,0,0,0,0,0,1,1,0,9
3671214,RSTiara,0,0,0,0,0,0,0,0,0,0,0,0,0,0,0,0,0,0,0,0,0,0,0,0,0,0,0,0,0,0,0,0,0,0,0,0,0,0,0,0,0,0,0,0,0,0,0,0,0,0,0,0,0,0,0,0,0,0,0,0,0,0,0,0,0,0,0,0,0,0,0,0,0,0,0,0,0,0,0,0,0,0,0,0,0,0,0,0,0,0,0,0,0,0,0,0,0,0,0,0,0,0,0,0,0,0,0,0,0,0,0,0,0
3671217,RSibudananakkaruniabunda,0,3,3,4,6,12,0,0,0,2,2,0,3,1,36,5,4,1,1,1,0,0,0,0,0,1,0,0,0,0,2,0,0,0,0,0,0,0,0,0,0,0,0,0,0,1,0,0,0,1,0,0,0,0,0,0,0,0,1,0,0,0,0,16,0,1,0,1,0,0,0,0,1,0,1,0,0,0,0,0,0,0,0,0,0,0,0,0,0,0,0,0,0,0,0,0,38,1,1,1,1,1,1,1,0,0,1,0,1,1,1,0,11
3671218,RSibudananakPKUmyhammaddiyahcipondoh,0,1,4,6,12,0,0,0,2,2,0,3,1,0,31,6,3,1,1,1,0,1,0,0,0,0,0,0,0,0,1,0,0,0,0,0,0,0,0,0,0,0,0,0,0,5,0,0,0,0,0,0,0,0,0,0,1,0,0,0,0,1,9,0,2,1,3,1,0,0,0,1,0,1,0,0,0,0,1,0,0,1,0,0,0,0,1,0,0,1,0,1,0,1,0,0,45,1,1,1,1,1,1,1,0,0,1,0,1,1,1,0,11
3671219,RSibudananakgabangmedika,0,0,4,8,12,0,0,0,8,1,0,1,3,1,38,3,1,1,1,1,0,0,0,0,0,0,0,0,0,0,1,0,0,0,0,0,0,0,0,0,0,0,0,0,0,1,0,0,0,0,0,0,0,0,0,1,0,0,0,0,0,0,0,0,1,1,1,1,0,0,0,2,0,1,0,0,0,0,1,0,0,0,0,0,0,1,0,0,0,1,0,0,0,0,0,0,20,1,1,0,1,1,1,1,0,1,1,1,1,1,1,0,12
3671221,RSibudananakpratiwi,0,1,2,4,11,0,0,0,17,2,0,3,1,1,42,5,1,1,1,1,0,1,0,0,0,1,0,0,0,0,1,0,0,0,0,0,0,0,0,0,0,0,0,0,0,0,0,0,0,0,0,0,0,0,0,1,1,0,0,0,0,0,0,3,12,1,2,0,0,0,0,1,0,1,0,0,0,0,0,0,0,1,0,0,0,0,0,0,0,1,0,0,0,0,0,0,36,1,1,0,1,1,1,1,0,0,0,0,0,1,1,0,8
3671222,RSibudananakmakiyah,0,0,2,8,12,2,0,0,0,0,0,3,1,1,29,3,2,1,1,1,0,1,0,0,0,0,0,0,0,0,1,0,0,0,0,0,0,0,0,0,0,0,0,0,0,0,0,0,0,0,0,0,0,0,0,0,1,0,0,0,0,1,0,0,11,1,2,1,0,0,0,1,0,1,0,0,0,0,0,0,0,0,0,0,0,0,1,0,0,0,1,0,1,0,0,0,32,1,1,1,1,1,1,0,0,0,0,0,1,1,1,0,9
3671223,RSkarangtengahmedika,4,6,22,39,29,3,2,2,10,0,0,8,5,6,136,9,2,2,1,1,0,1,0,0,1,1,0,0,0,1,2,0,0,0,0,0,0,0,0,1,0,0,1,0,0,2,0,0,0,1,0,0,0,0,0,13,4,0,0,1,0,0,0,0,16,1,5,7,0,0,0,7,0,6,0,0,0,0,0,0,0,0,0,0,0,0,1,0,0,1,0,1,0,2,0,0,91,1,1,1,1,1,1,1,0,0,1,1,1,0,1,0,11
3275115,RSumumherminabekasi,17,29,45,58,45,4,7,6,58,0,0,11,6,6,292,25,31,6,3,3,6,6,3,5,5,2,3,1,3,2,42,0,3,2,3,0,1,0,1,1,5,20,2,1,29,8,3,4,1,0,0,4,3,1,0,2,0,0,0,8,0,69,127,5,0,13,59,11,0,0,0,46,0,8,0,0,0,0,0,0,0,0,0,0,0,0,2,0,1,2,12,3,0,29,12,0,647,1,1,1,1,1,1,1,1,1,1,1,1,1,1,1,15
3216218,RSumumananda,2,10,2,31,51,8,0,10,15,6,0,4,2,2,143,13,6,5,5,2,2,2,2,4,2,0,2,1,0,0,5,0,2,2,1,0,0,0,0,1,4,0,1,0,0,5,1,0,0,0,0,0,0,0,0,0,0,0,0,0,0,0,0,0,0,0,0,0,0,0,0,0,0,6,0,0,0,0,0,0,0,0,0,0,0,0,0,0,0,0,0,0,0,0,0,0,74,1,1,1,1,1,1,1,0,1,1,0,0,1,1,0,11
3216329,RSumumpermatacibubur,6,50,20,25,17,2,0,2,0,0,0,0,0,0,122,17,15,10,2,2,4,6,0,4,4,0,1,0,0,0,14,0,1,1,2,0,1,0,0,0,4,0,1,1,0,3,1,0,0,2,0,0,0,0,0,0,0,0,0,0,0,0,0,0,0,0,0,0,0,0,0,0,0,0,0,0,0,0,0,0,0,0,0,0,0,0,0,0,0,0,0,0,0,0,0,0,96,1,1,1,1,1,1,0,0,0,1,0,0,1,1,1,10
3275130,RSumumbhaktikartini,4,6,15,28,33,11,0,2,12,7,0,10,5,5,138,16,2,4,3,1,1,2,1,2,1,1,1,0,0,2,3,0,1,0,1,0,0,0,1,3,3,3,1,0,2,6,0,0,0,0,0,0,0,0,0,7,7,0,0,0,0,0,0,0,0,15,0,2,0,0,0,0,0,2,0,0,0,0,0,0,0,0,0,0,0,0,0,0,0,0,0,2,0,0,0,0,96,1,1,1,1,1,1,1,0,0,1,1,1,0,1,0,11
3275392,RSumumawalbros,4,40,56,63,51,8,2,5,17,7,0,9,3,2,267,19,9,8,3,2,3,5,6,4,4,0,3,2,2,1,6,0,3,5,4,0,1,0,0,1,3,20,1,2,6,4,3,0,2,1,0,2,0,2,0,12,22,0,0,8,0,0,0,210,5,10,5,34,13,0,0,0,15,0,8,0,0,0,0,0,0,0,0,0,0,0,0,0,0,1,0,4,0,9,0,0,493,1,1,1,1,1,1,1,0,1,1,1,1,1,1,1,14
3275062,RSsiloambekasitimur,1,9,16,9,12,7,0,3,3,3,0,5,1,2,71,9,3,2,3,1,0,3,0,1,2,1,1,0,0,0,3,0,1,2,1,0,0,1,0,0,3,0,0,0,0,2,0,1,0,0,0,1,0,0,0,6,0,0,0,1,0,0,0,0,6,8,6,2,0,0,0,4,0,2,0,0,0,0,2,0,0,0,0,0,0,0,0,0,0,1,0,1,0,1,0,0,81,1,1,1,1,1,1,1,0,0,1,1,1,1,1,1,13
3275024,RSumummekarsaribekasi,0,11,23,30,33,3,1,0,4,4,0,6,2,4,121,15,4,3,2,1,1,3,1,2,2,1,1,0,0,2,3,0,1,0,2,0,0,0,0,0,2,0,0,0,0,3,0,0,0,0,0,0,0,0,0,2,0,0,0,0,0,0,0,0,0,13,0,6,0,0,0,9,0,5,0,0,0,2,0,0,0,0,0,0,0,0,2,0,0,0,0,2,0,6,0,0,96,1,1,0,1,1,1,1,0,0,1,0,0,1,1,0,9
3275050,RSumumbudhilestari,0,7,6,41,24,1,0,0,16,4,0,5,2,1,107,12,4,3,2,2,1,2,1,1,1,1,2,1,0,1,1,1,0,0,0,1,0,2,0,0,0,0,0,0,0,4,0,0,0,0,0,0,0,0,0,109,0,0,0,2,0,0,0,0,0,1,1,0,0,0,1,0,0,0,2,0,0,0,21,3,0,0,0,0,0,0,0,1,0,0,0,0,0,0,0,0,184,1,1,1,1,1,1,1,0,0,1,1,1,1,1,0,12
3275094,RSUmitrakeluargabekasibarat,4,29,32,113,56,7,7,5,15,0,6,8,3,4,289,17,10,8,5,8,3,4,3,3,5,4,1,0,1,0,8,0,2,3,3,0,0,0,3,0,2,2,1,2,1,4,1,1,0,0,0,0,0,1,0,0,5,0,0,4,0,0,377,0,0,7,4,15,0,1,0,19,0,14,0,0,0,0,0,0,0,0,0,0,0,0,0,0,0,0,1,0,0,5,0,0,558,1,1,1,1,1,1,1,0,1,1,1,1,1,1,1,14
3216174,RSUrawalumbu,0,3,30,36,19,7,2,4,0,7,0,0,0,0,108,9,2,3,2,1,1,0,0,3,2,0,2,0,0,0,2,0,1,1,1,0,0,0,0,0,2,0,0,0,0,3,0,0,0,0,0,0,0,0,0,0,0,0,0,0,0,0,0,0,0,0,0,5,0,0,0,0,0,2,0,0,0,0,0,0,0,0,0,0,0,0,0,0,0,0,0,0,0,0,0,0,42,1,0,1,1,1,1,1,0,1,1,0,1,1,1,0,11
3275196,RSUBella,1,2,14,34,27,2,2,22,8,2,0,5,3,2,124,12,5,3,3,2,2,2,2,2,3,3,3,0,1,1,5,0,2,2,2,0,1,0,1,1,2,0,0,0,0,4,0,0,0,2,0,0,0,0,0,1,0,0,0,0,0,0,0,4,0,0,0,0,0,2,0,0,0,2,0,0,0,1,0,0,0,0,0,0,0,0,0,0,0,0,0,1,0,0,0,0,77,1,1,1,1,1,1,1,0,0,1,1,1,1,1,0,12
3275207,RSUGrahajuanda,0,2,8,29,36,2,2,1,20,0,0,8,2,2,112,6,3,2,1,1,0,4,1,1,2,1,1,0,0,0,2,0,0,2,2,0,0,0,0,0,2,0,0,0,0,4,1,0,0,0,0,0,0,0,0,0,0,0,0,0,0,0,46,0,0,3,7,4,0,0,0,6,0,1,0,0,0,0,0,0,0,0,0,0,1,0,0,0,0,1,0,1,0,3,0,0,109,1,1,1,1,1,1,1,0,0,0,0,0,1,1,0,9
3275263,RSUcitraharapan,3,12,18,16,21,0,0,0,0,0,0,0,0,0,70,8,4,3,2,1,1,2,1,1,3,0,2,0,0,2,3,0,0,0,0,0,0,0,0,1,2,0,0,0,0,0,1,0,0,0,0,0,0,0,0,0,0,0,1,0,0,0,0,0,0,0,0,5,0,0,0,0,0,3,0,0,0,1,0,0,0,0,0,0,0,0,1,0,0,0,0,0,0,0,0,0,48,1,1,1,1,1,1,1,0,1,1,0,0,1,1,0,11
3216285,RSUStElisabeth,4,10,10,25,34,4,0,0,8,0,0,6,3,4,108,15,2,3,2,2,1,3,1,1,1,1,2,0,0,2,3,0,1,0,2,0,1,0,0,0,2,0,1,1,1,2,1,0,0,0,0,0,0,0,0,1,9,0,0,2,0,0,76,0,10,2,17,6,0,0,0,12,0,1,0,0,0,0,0,0,0,0,0,0,0,0,0,0,0,1,0,7,4,4,0,0,203,1,1,1,1,1,1,1,0,0,1,1,1,1,1,0,12
3216362,RSUkaryamedikaII,2,10,10,29,42,7,0,0,16,0,0,0,0,3,119,22,4,3,2,2,1,2,2,3,2,2,2,0,1,3,3,0,1,3,4,0,0,0,0,1,2,0,0,0,0,11,1,0,0,0,0,0,0,0,0,9,9,0,0,3,0,22,0,0,0,0,0,0,0,0,0,0,0,0,0,0,0,0,0,0,0,0,0,0,0,0,0,0,0,0,0,0,0,0,0,0,120,0,0,0,0,0,0,0,0,0,0,0,0,0,0,0,0
3275373,RSUmitrakeluargacibubur,3,32,16,18,27,12,0,5,0,0,0,7,2,2,124,10,4,5,3,1,2,2,2,3,2,1,2,1,0,3,4,0,1,4,3,0,1,0,0,1,2,0,2,1,1,4,1,1,0,0,0,1,1,0,0,212,0,0,0,4,0,0,2,0,0,3,36,10,0,1,0,19,0,7,0,0,0,0,0,0,0,0,0,0,0,0,0,0,0,0,1,1,7,3,1,0,376,1,1,1,1,1,1,1,1,1,1,1,1,1,1,1,15
3275013,RSUDaerahdrchasbullahabdilmajid,3,50,75,139,201,9,6,25,25,12,5,23,19,9,601,27,4,6,3,3,2,3,3,5,1,1,3,0,1,1,7,0,1,1,2,0,0,0,1,2,1,1,2,0,0,7,1,1,0,0,0,1,0,1,0,36,15,0,0,3,0,0,312,0,43,14,13,11,0,4,0,20,1,5,0,2,1,0,0,0,0,1,0,0,0,0,0,0,0,6,2,12,0,11,2,0,606,1,1,1,1,1,1,1,1,1,1,1,1,1,1,1,15
3725061,RSpersadamedika,2,4,4,18,15,2,0,2,11,2,0,6,2,2,70,11,4,1,1,0,3,0,1,1,1,1,0,0,0,0,4,0,0,0,0,0,0,0,0,0,1,0,0,0,0,6,0,2,0,0,0,0,0,0,0,2,0,0,0,2,0,0,74,0,0,6,7,2,0,0,0,5,0,1,0,0,0,3,0,0,0,0,0,0,0,0,1,0,0,0,0,1,1,1,0,1,144,1,1,0,1,1,1,1,0,0,1,0,1,1,1,0,10
3275083,RSsetohasbadi,0,1,15,17,36,0,0,0,6,1,0,4,1,0,81,6,1,1,1,0,0,1,0,0,1,0,0,0,0,0,1,0,0,1,0,0,0,0,0,0,1,0,0,0,0,2,0,0,0,0,0,0,0,0,0,9,0,0,0,0,0,0,46,0,0,2,0,2,0,0,0,5,0,1,0,0,0,0,0,0,0,0,0,0,0,0,0,0,0,0,0,1,0,1,0,0,83,1,1,0,1,1,1,1,0,0,1,0,1,0,1,0,9
3275229,RSUanna,6,7,14,24,31,3,10,4,20,0,0,4,0,2,125,17,4,4,2,1,2,3,1,1,1,0,1,0,1,1,6,0,1,1,1,0,0,0,1,1,1,0,0,0,0,6,1,0,0,0,0,1,0,0,0,5,0,0,0,0,0,0,94,0,0,4,14,2,0,0,0,3,0,3,0,0,0,3,0,0,0,0,0,0,0,0,1,0,0,0,0,1,0,1,0,0,190,1,1,1,1,1,1,1,0,0,1,1,1,1,1,0,12
3275296,RSUislamdrsubkiabdulkadir,0,0,3,6,34,0,0,0,5,3,0,0,0,0,51,5,1,1,1,0,0,1,0,0,0,0,0,0,0,0,1,0,0,0,0,0,0,0,0,0,1,0,0,0,0,1,0,0,0,0,0,0,0,0,0,28,0,0,0,0,0,0,0,9,0,1,0,3,0,0,0,3,0,1,0,0,0,0,0,0,0,0,0,0,0,0,0,0,0,0,0,1,0,1,0,0,59,1,1,1,1,1,1,1,0,0,1,0,1,0,1,0,10
3275307,RSUhosanamedicabekasi,1,2,14,24,22,1,1,4,0,3,0,5,1,3,81,9,2,2,2,1,1,2,0,1,2,0,1,0,0,1,3,0,0,2,1,0,0,0,0,0,1,0,0,0,0,3,0,0,0,0,0,0,0,0,0,21,4,0,6,1,0,8,0,0,18,8,8,5,0,1,0,0,0,1,0,0,0,0,1,0,0,12,0,0,1,2,0,0,0,0,1,1,0,2,0,0,135,1,1,1,1,1,1,1,0,0,1,1,1,1,1,0,12
3275035,RSUsentosa,0,3,4,6,21,2,0,2,7,2,0,4,2,1,54,9,2,2,1,1,0,1,0,0,1,1,0,0,0,0,2,0,0,1,1,0,0,0,0,0,1,0,0,0,0,7,0,0,0,1,0,0,0,0,0,0,0,0,0,2,0,0,0,2,0,0,0,0,0,3,0,0,0,0,0,0,0,0,0,0,0,0,0,0,0,0,0,0,0,0,0,0,0,0,0,0,38,1,1,1,1,1,1,1,0,0,1,0,0,1,1,0,10
3275141,RSUpermatabekasi,2,4,18,13,16,3,0,4,4,1,0,4,1,3,73,9,4,2,2,1,0,1,0,1,1,1,1,0,0,1,3,0,0,0,1,0,0,0,0,0,1,0,0,0,0,4,0,0,0,0,0,0,0,0,0,20,6,0,0,0,0,0,66,0,0,8,2,7,0,1,0,7,0,6,0,0,0,0,0,0,0,0,0,0,0,0,0,0,0,1,0,2,0,3,0,0,162,1,1,1,1,1,1,1,0,0,1,1,1,1,1,0,12
3275390,RSibudananakselasihmedika,0,4,8,9,4,0,0,0,5,1,0,5,1,1,38,5,4,2,0,0,0,1,0,1,0,0,1,0,0,0,3,0,0,0,0,0,0,0,0,0,1,0,0,0,2,4,0,0,0,0,0,0,0,0,0,0,0,0,0,0,0,0,0,0,0,3,0,2,0,0,0,0,0,5,0,0,0,0,0,0,0,0,0,0,0,0,0,0,0,1,0,0,0,2,0,1,38,1,1,1,1,1,1,0,0,0,1,0,0,1,1,0,9
3216402,RSUannamedika,2,5,27,46,37,2,1,1,6,1,0,14,5,8,155,5,3,2,3,2,2,3,1,1,1,1,1,0,0,0,5,0,1,1,1,0,0,0,0,0,1,0,0,0,0,7,0,0,0,1,0,0,0,0,0,0,0,0,0,0,0,0,0,0,0,14,0,0,0,0,0,0,0,0,0,0,0,1,0,0,1,0,0,0,0,0,0,0,0,0,0,0,0,0,0,0,58,1,1,1,1,1,1,1,0,0,1,0,0,1,1,1,11
3216423,RSUkartikahusada,1,4,12,16,18,2,0,0,0,4,0,7,0,1,65,11,7,2,1,0,0,1,1,0,0,0,0,0,0,0,2,0,0,0,0,0,0,0,0,0,1,0,0,0,0,1,0,0,0,0,0,0,0,0,0,1,0,0,0,0,0,0,29,0,0,3,6,4,0,0,0,0,0,3,0,0,0,0,0,0,0,1,0,0,0,0,0,0,0,1,0,0,0,3,0,0,78,1,1,1,1,1,1,1,0,0,1,1,1,1,1,0,12
3275274,RSUjatisampurna,0,3,4,12,24,0,0,0,20,2,0,5,2,2,74,8,5,2,1,1,1,3,0,0,1,0,0,0,0,0,5,0,0,0,1,0,0,0,0,0,0,0,0,0,0,6,0,0,0,0,0,1,0,0,0,4,0,0,0,2,0,0,54,0,13,1,10,3,0,0,0,13,0,1,0,0,0,0,0,0,0,0,0,0,0,0,0,0,0,1,0,1,1,1,0,0,140,1,1,1,1,1,1,1,0,0,1,1,1,1,1,0,12
3275017,RSibudananakkaruniakasih,4,6,3,7,21,0,0,0,18,0,0,4,2,1,66,4,4,3,2,0,0,4,0,0,1,0,1,0,0,0,4,0,0,0,0,0,0,0,0,0,0,0,0,0,0,7,0,0,0,0,0,0,0,0,0,0,0,0,0,1,0,0,8,0,8,2,0,0,0,0,0,6,0,0,0,0,0,0,0,0,0,0,0,0,0,0,0,0,0,0,0,0,0,4,0,0,59,1,1,0,1,1,1,1,0,0,1,1,1,1,1,0,11
3275039,RSUmasmitr,1,4,6,8,12,0,0,0,2,4,0,4,2,2,45,6,5,2,1,1,1,1,0,0,1,0,0,0,0,0,5,0,1,0,0,0,0,0,0,0,0,0,0,0,1,5,0,0,0,1,0,1,0,0,0,0,0,0,0,2,0,0,20,0,0,9,0,2,0,0,0,0,0,2,0,0,0,0,0,0,0,0,0,0,0,0,0,0,0,0,0,1,0,0,0,0,68,1,1,1,1,1,1,1,0,0,1,0,1,1,1,0,11
3275052,RSUjuwita,1,6,8,10,12,2,2,0,8,0,0,3,2,1,55,10,2,1,2,1,0,1,0,0,0,0,0,0,0,0,3,0,0,0,0,0,0,0,0,0,0,0,0,0,0,2,0,0,0,0,0,0,0,1,0,13,2,0,0,1,0,0,7,1,14,8,6,2,0,0,0,4,0,1,0,0,0,0,0,0,0,0,1,0,0,0,0,0,0,1,0,2,0,2,0,0,88,1,1,1,1,1,1,1,0,0,1,1,1,1,1,0,12
3275046,RSUmitrakeluargabekasitimur,0,12,28,66,76,0,0,0,0,0,0,0,0,0,182,13,6,4,14,3,4,2,0,3,2,0,0,0,1,0,5,0,0,0,0,0,0,0,0,0,0,0,0,0,0,8,0,0,0,0,0,0,0,0,0,0,0,0,0,0,0,0,0,0,0,49,0,0,0,0,0,0,0,0,0,0,0,0,0,0,0,0,0,0,0,0,0,0,0,0,0,0,0,0,0,0,114,1,1,1,1,1,1,1,1,1,1,1,1,1,1,1,15
3216389,RSUherminagalaxy,2,1,10,11,16,0,0,0,8,1,0,51,2,0,102,13,9,4,2,1,1,5,0,2,1,1,0,0,0,0,22,0,0,0,0,0,0,0,0,0,0,2,0,0,0,6,0,0,0,0,0,0,0,0,0,0,0,0,0,0,0,0,0,0,0,6,0,0,0,0,0,0,0,0,0,0,0,0,0,0,0,0,0,0,0,0,0,0,0,0,0,0,0,0,0,0,75,1,1,1,1,1,1,1,0,0,1,0,1,1,1,1,12
3216396,RSbersalintamanharapanbaru,0,2,6,6,14,0,0,0,2,0,0,2,1,0,33,3,3,1,0,0,0,2,0,0,0,0,0,0,0,0,4,0,0,0,0,0,0,0,0,0,0,0,0,0,0,0,0,0,0,0,0,0,0,0,0,0,0,0,0,0,0,0,0,0,0,7,0,0,0,0,0,0,0,0,0,0,0,0,0,0,0,0,0,0,0,0,0,0,0,0,0,0,0,0,0,0,20,1,1,1,1,1,1,0,0,0,1,1,1,1,1,1,12
32754035,RSibudananakrinovaintan,0,0,2,6,16,0,0,0,0,1,0,5,0,0,30,6,1,1,1,1,0,1,0,0,0,0,1,0,0,0,0,2,0,0,0,0,0,0,0,0,0,0,0,0,0,1,0,0,0,0,0,0,0,0,0,0,2,0,0,0,0,0,20,0,0,1,6,2,0,0,0,1,0,0,0,0,0,2,0,0,0,0,0,0,0,0,0,0,0,0,0,1,0,0,0,0,50,1,1,1,1,1,1,1,0,0,1,1,1,0,1,0,11
3275053,RSUtamanharapanbaru,0,4,12,14,18,0,0,0,0,0,0,4,3,0,55,4,3,3,3,1,0,1,0,2,0,0,0,0,0,0,3,0,0,0,0,0,0,0,0,0,0,0,0,0,0,4,0,0,0,0,0,0,0,0,0,0,0,0,0,0,0,0,0,0,0,6,0,0,0,0,0,0,0,0,0,0,0,1,0,0,0,0,0,0,0,0,0,0,0,0,0,0,0,0,0,0,31,1,0,0,0,0,1,1,0,0,1,0,0,1,1,0,6
3216427,RSUcikunir,0,0,4,9,46,0,0,0,0,2,0,4,1,1,67,8,1,1,1,0,0,1,0,0,0,1,0,0,0,0,1,0,0,0,0,0,0,0,0,0,0,0,0,0,0,2,0,0,0,0,0,0,0,0,0,3,0,0,0,0,0,0,0,0,0,4,0,2,0,0,0,3,0,0,0,0,0,0,0,0,0,0,0,0,0,0,0,0,0,0,0,0,0,0,0,0,28,1,1,0,1,1,1,1,0,0,1,1,1,1,1,0,11
3275057,RSUkaryamedikabantargebanga,0,4,8,12,16,2,1,0,0,0,0,5,1,4,53,10,2,1,2,1,0,2,0,0,1,1,1,0,0,2,2,0,0,2,1,0,0,0,0,0,0,0,0,1,0,4,0,0,0,0,0,0,0,0,0,0,0,0,0,0,0,0,0,0,0,0,0,3,0,0,0,0,0,2,0,0,0,0,0,0,0,0,0,0,0,0,1,0,0,0,0,1,0,0,0,0,40,1,1,1,1,1,1,1,0,0,1,0,0,1,1,0,10
3216429,RSrehabilitasimedikzainuttaqwa,0,0,2,4,17,0,0,0,0,2,0,3,0,0,28,5,0,1,0,0,1,0,0,0,0,0,0,0,0,0,0,0,0,0,0,0,0,0,0,0,0,0,0,0,0,0,0,0,0,0,0,0,0,0,0,0,0,0,0,0,0,0,7,0,0,1,1,0,0,0,0,1,0,0,0,0,0,0,0,0,0,0,0,0,0,0,0,0,0,0,0,0,0,3,0,0,20,1,1,0,0,0,1,1,0,0,1,1,1,0,1,0,8
3275060,RSUsatriamedika,0,5,8,19,27,1,1,1,10,1,0,4,2,2,81,6,1,1,1,0,0,0,0,0,0,1,0,0,0,0,2,0,0,0,0,0,0,0,0,0,0,0,0,0,0,1,0,0,0,0,0,0,0,0,0,4,1,0,0,0,0,0,23,0,0,3,7,2,0,0,0,2,0,1,0,0,0,0,0,0,0,0,0,0,0,0,1,0,0,1,0,1,0,0,0,0,59,1,1,1,1,1,1,1,0,0,1,1,1,1,1,0,12
3275063,RSawalbrosbekasijakartatimur,0,0,0,0,0,0,0,0,0,0,0,0,0,0,0,0,0,0,0,0,0,0,0,0,0,0,0,0,0,0,0,0,0,0,0,0,0,0,0,0,0,0,0,0,0,0,0,0,0,0,0,0,0,0,0,0,0,0,0,0,0,0,0,0,0,0,0,0,0,0,0,0,0,0,0,0,0,0,0,0,0,0,0,0,0,0,0,0,0,0,0,0,0,0,0,0,0,0,0,0,0,0,0,0,0,0,0,0,0,0,0,0,0
3275064,RSmustikamedikabekasi,0,0,0,0,0,0,0,0,0,0,0,0,0,0,0,0,0,0,0,0,0,0,0,0,0,0,0,0,0,0,0,0,0,0,0,0,0,0,0,0,0,0,0,0,0,0,0,0,0,0,0,0,0,0,0,0,0,0,0,0,0,0,0,0,0,0,0,0,0,0,0,0,0,0,0,0,0,0,0,0,0,0,0,0,0,0,0,0,0,0,0,0,0,0,0,0,0,0,0,0,0,0,0,0,0,0,0,0,0,0,0,0,0
3674102,RSPremierBintaro,3,42,66,32,25,5,0,6,0,5,5,8,4,4,205,41,10,10,3,6,6,8,4,0,8,1,3,1,2,3,14,0,4,6,5,1,1,8,3,0,5,4,3,2,5,0,2,2,0,0,0,4,0,1,0,327,0,0,0,0,0,0,0,0,0,2,51,6,7,1,0,29,3,6,0,0,0,0,0,0,0,0,0,0,0,0,0,0,0,0,0,6,0,20,0,0,634,1,1,1,1,1,1,1,1,1,1,1,1,1,1,1,15
3674113,DrTirtamulyaJuandy,8,19,26,28,17,5,1,4,22,6,0,17,3,5,161,43,6,6,2,5,3,6,4,4,4,3,3,1,1,0,7,0,3,3,4,0,0,0,2,1,4,6,3,1,4,4,2,1,0,0,0,1,0,1,0,0,34,0,0,6,0,32,244,2,0,14,57,14,0,0,0,26,4,11,0,0,0,0,0,0,0,0,0,0,0,0,0,0,0,2,1,5,0,14,1,0,605,1,1,1,1,1,1,1,1,1,1,1,1,1,1,1,15
3674018,RSPondokIndahBintaroJaya,2,25,36,6,22,6,0,2,10,0,6,14,3,2,134,11,5,3,2,3,2,2,3,5,3,1,3,1,1,6,5,0,3,0,3,0,0,0,0,0,4,6,3,1,20,3,2,3,0,0,0,3,2,2,0,26,11,0,0,10,0,0,79,0,19,13,23,12,0,3,0,12,2,4,0,3,0,0,1,0,1,0,0,0,0,0,0,0,0,1,1,2,0,4,1,0,339,1,1,1,1,1,1,1,1,1,1,1,1,1,1,1,15
3603060,RSBhinekaBaktiHusada,5,3,16,37,28,1,0,0,10,4,0,6,2,2,114,19,2,3,3,1,0,1,2,3,1,1,2,0,0,2,2,0,1,2,1,0,0,0,0,0,3,0,0,0,0,6,0,1,0,0,1,0,0,0,0,12,2,0,0,1,0,0,91,0,2,1,11,6,0,0,0,10,1,3,0,0,0,0,0,0,0,1,0,0,0,2,0,0,0,0,0,2,0,1,0,0,203,1,1,1,1,1,1,1,0,0,1,1,1,1,1,0,12
3603082,RSIchsanMedicalCenter,3,3,4,30,8,1,0,4,4,1,0,6,1,3,68,16,5,4,2,1,2,2,4,1,1,1,0,0,0,0,5,0,1,1,1,0,0,0,0,1,3,0,0,0,0,1,0,1,0,0,1,0,0,0,0,16,0,0,0,0,0,0,42,1,0,3,0,5,0,0,0,3,0,3,0,0,0,0,0,0,0,0,0,0,0,0,1,0,0,1,0,1,0,5,0,0,135,1,1,1,1,1,1,1,0,0,1,1,1,1,1,0,12
3603115,RSOmni,39,8,24,29,35,8,0,0,6,0,0,8,4,4,165,15,7,6,3,6,2,5,4,6,2,2,1,1,0,3,5,0,4,0,3,0,0,0,2,1,3,2,2,2,3,3,2,2,0,0,0,4,0,1,0,12,13,0,0,3,0,0,144,0,7,13,22,9,0,2,0,18,2,15,0,0,1,0,0,0,0,0,0,0,0,0,0,0,0,0,0,3,0,9,0,0,375,1,1,1,1,1,1,1,1,1,1,1,1,1,1,0,14
3674005,RSSariAsihCiputat,23,4,20,66,40,7,0,2,8,0,0,11,3,2,186,12,3,3,2,3,4,2,3,4,5,1,2,0,0,1,5,0,2,2,3,0,0,0,0,1,3,1,0,0,3,3,2,2,0,0,0,0,0,0,0,33,11,0,0,1,0,20,136,0,0,6,0,8,0,0,0,11,0,5,0,0,0,0,0,0,0,0,0,0,0,0,0,0,0,1,2,4,0,5,1,0,316,1,1,1,1,1,1,1,0,0,1,1,1,1,1,1,13
3674014,RSHerminaSerpong,5,4,10,12,21,2,2,4,10,0,0,6,2,1,79,13,6,3,3,1,2,3,1,2,2,1,2,0,0,0,6,0,1,1,1,0,0,0,0,0,3,1,0,0,0,2,0,1,0,0,0,1,1,0,0,13,0,0,0,2,0,0,61,0,0,3,7,3,0,1,0,6,0,5,0,0,0,0,0,0,0,0,0,0,0,3,0,0,0,1,2,0,2,3,2,0,171,1,1,1,1,1,1,1,0,0,1,1,1,1,1,0,12
3674157,RSMedikaBSD,2,11,28,13,16,4,0,3,8,0,0,7,4,2,98,12,3,5,3,2,2,2,3,1,3,2,1,1,0,2,4,0,2,2,1,0,0,0,0,1,2,0,2,0,3,5,1,1,1,0,0,1,0,1,0,21,8,0,0,1,0,0,50,0,1,3,9,5,0,1,0,6,0,5,0,0,2,0,0,0,0,0,0,0,0,7,0,0,0,0,0,0,1,3,0,0,192,1,1,1,1,1,1,1,1,1,1,1,1,1,1,0,14
3674168,RSUmumDaerahKotaTangerangSelatan,0,0,0,25,73,3,0,6,11,0,0,9,2,16,145,36,3,3,3,1,2,3,0,2,1,2,3,0,0,2,2,0,0,0,1,0,0,0,0,2,2,1,0,0,1,3,0,0,0,0,0,0,0,0,0,16,0,0,0,2,0,0,152,0,51,7,7,0,0,0,0,10,1,4,0,0,0,0,1,0,0,2,0,0,0,0,0,0,0,1,0,2,0,0,0,0,329,1,1,1,1,1,1,1,0,0,1,1,1,1,1,1,13
3674006,RSSyarifHidayatullah,0,6,14,22,12,1,0,0,2,1,0,7,2,2,69,20,4,3,3,3,2,4,2,3,3,1,2,0,0,0,5,0,1,2,3,0,0,0,1,0,2,2,0,0,1,7,1,1,0,0,0,2,0,0,0,12,5,0,0,6,0,15,26,0,11,1,17,6,0,1,0,9,0,9,0,0,0,0,0,0,0,0,0,0,0,0,0,0,0,1,0,2,0,3,0,0,202,1,1,1,1,1,1,1,0,0,1,1,1,1,1,0,12
3674007,RSHerminaCiputat,10,3,14,15,20,3,3,3,10,0,0,10,2,3,96,10,24,5,2,4,3,6,1,3,3,1,1,0,1,0,26,0,1,1,3,0,1,0,1,1,2,1,0,0,9,4,1,3,0,0,0,5,1,1,0,19,11,0,0,4,0,21,67,0,0,29,4,13,2,0,1,0,11,0,4,0,0,0,0,0,0,2,0,0,0,0,0,0,0,1,3,2,0,5,4,0,328,1,1,1,1,1,1,1,0,0,1,1,1,1,1,0,12
3674056,RSIslamAsshobirin,0,2,3,24,26,3,0,0,12,0,0,4,3,4,81,10,2,2,2,1,0,1,1,1,0,1,1,0,0,0,2,0,0,1,1,0,0,0,0,0,1,0,0,0,0,4,0,0,0,0,0,1,0,0,0,2,6,0,0,1,0,3,22,0,10,2,5,6,0,0,0,6,0,0,0,0,0,0,0,0,0,0,0,0,0,0,0,0,0,1,1,1,0,1,0,0,99,1,1,1,1,1,1,1,0,0,1,1,1,1,1,0,12
3603201,RSKhususTHTBedahKLProklamasiBSD,0,2,10,4,9,0,0,0,0,2,0,1,10,0,38,5,0,1,0,1,1,5,0,0,12,0,0,0,0,0,1,0,0,0,0,0,0,0,0,0,1,0,0,0,0,5,1,0,0,0,0,0,0,0,0,0,3,0,0,2,0,0,12,0,0,3,0,2,0,0,0,0,0,4,0,0,0,0,0,0,0,0,0,0,0,0,0,0,0,0,1,0,0,2,0,2,64,1,1,1,0,0,0,1,0,0,1,1,1,0,1,0,8
3674004,RSPermataPamulang,2,9,14,18,20,1,0,0,4,3,0,5,8,2,86,9,4,3,2,2,1,2,0,1,2,1,3,0,0,0,7,0,0,1,1,0,0,0,0,0,1,0,0,0,3,7,1,1,0,0,0,0,0,0,0,23,5,0,0,2,0,0,40,3,8,2,3,4,0,1,0,6,0,3,0,0,0,0,0,0,0,3,0,0,0,0,0,0,0,1,0,2,0,3,0,0,161,1,1,1,1,1,1,1,0,0,1,1,1,1,1,0,12
3674009,RSAriaSentraMedika,0,3,9,6,16,2,0,0,12,2,0,3,2,0,55,5,2,2,2,2,0,2,0,1,1,1,1,0,0,1,3,0,0,0,0,0,0,0,0,0,1,0,0,0,0,6,1,0,0,0,0,0,0,0,0,2,0,0,0,2,0,0,25,1,2,1,4,1,0,0,0,1,0,3,0,0,0,0,3,0,0,0,0,0,0,0,0,0,0,1,0,1,0,2,0,0,80,1,1,1,1,1,1,1,0,0,1,1,1,1,1,0,12
3674012,RSBundaDalima,1,5,14,16,20,0,0,0,12,4,0,1,3,3,79,11,3,2,2,1,0,2,0,1,0,1,0,0,0,0,2,0,0,0,1,0,0,0,0,0,1,0,0,0,0,2,0,0,0,0,0,1,0,0,0,2,2,0,0,0,0,6,25,3,3,2,0,2,0,0,0,5,0,1,0,0,0,0,0,0,0,7,0,0,1,0,1,0,0,1,1,1,0,2,0,0,95,1,1,1,1,1,1,1,0,0,1,1,1,1,1,0,12
3674016,RSInsanPermata,0,8,8,14,24,1,2,2,4,2,0,5,1,1,72,9,2,2,2,1,1,2,0,0,1,1,1,0,0,0,2,0,0,0,0,0,0,0,0,0,1,0,0,0,0,5,0,0,0,0,0,0,0,1,0,11,2,0,0,0,0,0,22,0,17,2,0,2,0,1,0,5,0,2,0,0,0,0,0,0,0,1,0,0,0,0,0,0,0,0,0,1,0,2,0,0,99,1,1,1,1,1,1,1,0,0,1,1,1,1,1,0,12
3603034,RSIbudanAnakLestari,6,6,14,14,0,0,0,0,0,0,0,0,0,0,40,2,0,0,0,0,0,0,0,0,0,0,0,0,0,0,1,0,0,0,0,0,0,0,0,0,0,0,0,0,0,0,0,0,0,0,0,0,0,0,0,0,0,0,0,0,0,0,0,0,0,0,0,0,0,0,0,0,0,0,0,0,0,0,0,0,0,0,0,0,0,0,0,0,0,0,0,0,0,0,0,0,3,0,0,0,0,0,0,0,0,0,0,0,0,0,0,0,0
3674071,RSKhususJiwaDharmaGraha,5,15,20,15,5,0,0,0,0,0,0,0,0,0,60,3,0,0,0,0,0,0,0,0,0,0,0,0,0,0,0,0,0,0,0,0,0,0,0,4,0,0,0,0,0,0,0,0,0,0,0,0,0,0,0,1,0,0,0,0,0,0,1,0,0,2,0,0,0,0,0,0,0,1,0,0,0,0,0,0,0,0,0,0,0,0,0,0,0,0,0,0,0,0,0,0,12,0,0,1,0,0,0,0,0,0,1,0,0,0,1,0,3
3603093,RSIbudanAnakPutraDalima,4,4,1,2,6,0,0,0,6,2,0,3,1,1,30,4,2,0,0,1,0,1,0,0,0,0,0,0,0,0,2,0,0,0,0,0,0,0,0,0,0,0,0,0,0,2,0,0,0,0,0,0,0,0,0,0,1,0,0,1,0,2,3,2,2,2,5,1,0,0,0,1,0,0,0,0,0,0,1,0,0,0,0,0,1,0,0,0,0,1,0,1,0,1,0,0,37,1,1,1,1,1,1,1,0,0,1,1,1,1,1,0,12
3674193,RSBuahHatiCiputat,3,12,16,17,18,3,0,0,30,0,0,7,3,1,110,10,7,2,2,1,0,2,0,1,1,1,0,0,0,0,4,0,0,0,0,0,0,0,0,0,0,0,0,0,3,3,1,0,0,0,0,0,0,0,0,10,0,0,0,1,0,0,80,0,0,3,0,2,0,1,0,3,1,2,0,0,0,0,0,0,0,0,0,0,0,0,0,0,0,1,0,0,1,0,0,0,143,1,1,0,1,1,1,1,0,0,1,1,1,1,1,0,11
3674003,RSBersalinPermataSaranaHusada,2,3,6,6,12,0,0,0,29,0,0,2,3,0,63,0,5,0,0,0,0,3,0,0,0,0,0,0,0,0,2,0,0,0,0,0,0,0,0,0,0,0,0,0,0,1,0,0,0,0,0,0,0,0,0,0,2,0,0,0,0,1,0,0,0,2,0,0,0,0,0,0,0,0,0,0,0,0,0,0,0,0,0,0,0,0,0,0,0,0,0,0,0,0,0,0,16,1,1,1,1,1,1,0,0,0,0,0,1,1,1,0,9
3674171,RSIbudanAnakCintaKasih,0,0,9,12,20,0,0,0,37,0,0,6,2,2,88,5,4,1,1,1,1,3,0,0,0,0,0,0,0,0,3,0,0,0,0,0,0,0,0,0,0,1,0,0,0,2,0,0,0,0,0,0,0,0,0,19,0,0,0,1,0,0,9,0,0,2,12,2,0,0,0,5,0,7,0,0,0,0,0,0,0,0,0,0,0,0,1,0,0,0,0,0,1,5,0,0,86,1,1,0,1,1,1,1,0,0,1,1,1,1,1,0,11
3674008,RSIbudanAnakCitraAnanda,1,1,1,2,3,0,0,0,8,0,0,3,1,0,20,5,4,1,0,1,0,2,0,0,0,0,0,0,0,0,4,0,0,0,0,0,0,0,0,0,0,0,0,0,0,1,0,1,0,0,0,0,0,0,0,0,0,0,0,0,0,0,6,0,0,1,4,0,0,0,0,0,0,1,0,0,0,0,0,0,0,0,0,0,0,0,0,0,0,0,0,0,0,0,0,0,31,1,1,1,1,1,1,0,0,0,1,0,0,0,0,0,7
3674011,RSIbudanAnakDhia,0,3,5,10,5,0,0,0,4,0,0,2,1,0,30,5,3,1,0,0,0,1,0,0,1,1,0,0,0,0,3,0,0,0,0,0,0,0,0,0,0,0,0,0,0,5,0,0,0,0,0,0,0,0,0,0,0,0,0,0,0,0,5,0,0,2,0,0,0,0,0,2,0,2,0,0,0,0,0,0,0,0,0,0,0,2,0,0,0,0,0,0,0,0,0,0,33,1,1,1,1,1,1,0,0,0,1,1,1,1,1,0,11
3674013,RSIbudanAnakBuahHatiPamulang,2,8,6,16,12,0,0,0,21,0,0,4,2,2,73,5,4,1,1,0,0,2,0,0,0,0,0,0,0,0,7,0,0,0,0,0,0,0,0,0,0,0,0,0,5,5,0,0,0,0,0,1,0,0,0,5,0,0,0,0,0,0,38,0,0,1,3,0,0,0,0,0,0,1,0,0,0,0,0,0,0,0,0,0,0,0,0,0,0,1,0,0,0,4,0,0,84,0,0,0,1,1,1,0,0,0,0,0,0,0,0,0,3
3674015,RSIbudanAnakVitalaya,2,8,9,1,2,0,0,0,3,0,0,5,1,1,32,5,3,1,1,1,0,2,0,0,0,0,0,0,0,0,3,0,0,0,0,0,0,0,0,0,0,0,0,0,0,2,0,0,0,0,0,0,0,0,0,1,0,0,0,2,0,0,10,0,0,1,0,1,0,0,0,0,0,2,0,0,0,0,0,0,0,0,0,0,0,0,0,0,0,0,0,1,0,0,0,0,36,1,1,1,1,1,1,0,0,1,1,1,1,1,1,0,12
3671216,RSRumahIndonesiaSehat,0,4,8,15,22,1,0,0,26,3,0,5,2,2,88,9,4,3,2,1,0,3,0,1,0,1,0,0,0,0,2,0,1,0,0,0,0,0,0,0,0,0,0,0,0,3,1,0,0,0,0,0,0,0,0,8,5,0,0,2,0,5,15,0,0,2,0,3,0,0,0,4,0,3,0,0,0,0,1,0,0,0,0,0,0,0,0,0,0,0,0,0,0,0,0,0,79,1,1,1,1,1,1,1,0,0,1,1,1,1,1,0,12
3674019,RSIAPrimaMedika,0,0,2,6,15,0,0,0,2,0,0,1,1,0,27,3,3,0,0,0,0,0,0,0,0,0,0,0,0,0,3,0,0,0,0,0,0,0,0,0,0,0,0,0,0,4,0,0,0,0,1,0,0,0,0,3,0,0,0,0,0,0,0,0,12,1,0,0,0,0,0,3,0,0,0,0,0,0,0,0,0,0,0,0,0,0,0,0,0,0,0,0,0,0,0,0,33,1,1,1,1,1,1,1,0,0,1,0,0,1,1,0,10
